,Unnamed: 0,2014,2014.1,2014.2,2013,2013.1,2013.2,2012,2012.1,2012.2,2011,2011.1,2011.2,2010,2010.1,2010.2,2009,2009.1,2009.2,2008,2008.1,2008.2,2007,2007.1,2007.2,2006,2006.1,2006.2,2005,2005.1,2005.2,2004,2004.1,2004.2,2003,2003.1,2003.2,2002,2002.1,2002.2,2001,2001.1,2001.2,2000,2000.1,2000.2,1999,1999.1,1999.2,1998,1998.1,1998.2,1997,1997.1,1997.2,1996,1996.1,1996.2,1995,1995.1,1995.2,1994,1994.1,1994.2,1993,1993.1,1993.2,1992,1992.1,1992.2,1991,1991.1,1991.2,1990,1990.1,1990.2,1989,1989.1,1989.2,1988,1988.1,1988.2,1987,1987.1,1987.2,1986,1986.1,1986.2,1985,1985.1,1985.2,1984,1984.1,1984.2,1983,1983.1,1983.2,1982,1982.1,1982.2,1981,1981.1,1981.2,1980,1980.1,1980.2
0,,Raised fasting blood glucose (>=7.0 mmol/L or on medication)(age-standardized estimate),Raised fasting blood glucose (>=7.0 mmol/L or on medication)(age-standardized estimate),Raised fasting blood glucose (>=7.0 mmol/L or on medication)(age-standardized estimate),Raised fasting blood glucose (>=7.0 mmol/L or on medication)(age-standardized estimate),Raised fasting blood glucose (>=7.0 mmol/L or on medication)(age-standardized estimate),Raised fasting blood glucose (>=7.0 mmol/L or on medication)(age-standardized estimate),Raised fasting blood glucose (>=7.0 mmol/L or on medication)(age-standardized estimate),Raised fasting blood glucose (>=7.0 mmol/L or on medication)(age-standardized estimate),Raised fasting blood glucose (>=7.0 mmol/L or on medication)(age-standardized estimate),Raised fasting blood glucose (>=7.0 mmol/L or on medication)(age-standardized estimate),Raised fasting blood glucose (>=7.0 mmol/L or on medication)(age-standardized estimate),Raised fasting blood glucose (>=7.0 mmol/L or on medication)(age-standardized estimate),Raised fasting blood glucose (>=7.0 mmol/L or on medication)(age-standardized estimate),Raised fasting blood glucose (>=7.0 mmol/L or on medication)(age-standardized estimate),Raised fasting blood glucose (>=7.0 mmol/L or on medication)(age-standardized estimate),Raised fasting blood glucose (>=7.0 mmol/L or on medication)(age-standardized estimate),Raised fasting blood glucose (>=7.0 mmol/L or on medication)(age-standardized estimate),Raised fasting blood glucose (>=7.0 mmol/L or on medication)(age-standardized estimate),Raised fasting blood glucose (>=7.0 mmol/L or on medication)(age-standardized estimate),Raised fasting blood glucose (>=7.0 mmol/L or on medication)(age-standardized estimate),Raised fasting blood glucose (>=7.0 mmol/L or on medication)(age-standardized estimate),Raised fasting blood glucose (>=7.0 mmol/L or on medication)(age-standardized estimate),Raised fasting blood glucose (>=7.0 mmol/L or on medication)(age-standardized estimate),Raised fasting blood glucose (>=7.0 mmol/L or on medication)(age-standardized estimate),Raised fasting blood glucose (>=7.0 mmol/L or on medication)(age-standardized estimate),Raised fasting blood glucose (>=7.0 mmol/L or on medication)(age-standardized estimate),Raised fasting blood glucose (>=7.0 mmol/L or on medication)(age-standardized estimate),Raised fasting blood glucose (>=7.0 mmol/L or on medication)(age-standardized estimate),Raised fasting blood glucose (>=7.0 mmol/L or on medication)(age-standardized estimate),Raised fasting blood glucose (>=7.0 mmol/L or on medication)(age-standardized estimate),Raised fasting blood glucose (>=7.0 mmol/L or on medication)(age-standardized estimate),Raised fasting blood glucose (>=7.0 mmol/L or on medication)(age-standardized estimate),Raised fasting blood glucose (>=7.0 mmol/L or on medication)(age-standardized estimate),Raised fasting blood glucose (>=7.0 mmol/L or on medication)(age-standardized estimate),Raised fasting blood glucose (>=7.0 mmol/L or on medication)(age-standardized estimate),Raised fasting blood glucose (>=7.0 mmol/L or on medication)(age-standardized estimate),Raised fasting blood glucose (>=7.0 mmol/L or on medication)(age-standardized estimate),Raised fasting blood glucose (>=7.0 mmol/L or on medication)(age-standardized estimate),Raised fasting blood glucose (>=7.0 mmol/L or on medication)(age-standardized estimate),Raised fasting blood glucose (>=7.0 mmol/L or on medication)(age-standardized estimate),Raised fasting blood glucose (>=7.0 mmol/L or on medication)(age-standardized estimate),Raised fasting blood glucose (>=7.0 mmol/L or on medication)(age-standardized estimate),Raised fasting blood glucose (>=7.0 mmol/L or on medication)(age-standardized estimate),Raised fasting blood glucose (>=7.0 mmol/L or on medication)(age-standardized estimate),Raised fasting blood glucose (>=7.0 mmol/L or on medication)(age-standardized estimate),Raised fasting blood glucose (>=7.0 mmol/L or on medication)(age-standardized estimate),Raised fasting blood glucose (>=7.0 mmol/L or on medication)(age-standardized estimate),Raised fasting blood glucose (>=7.0 mmol/L or on medication)(age-standardized estimate),Raised fasting blood glucose (>=7.0 mmol/L or on medication)(age-standardized estimate),Raised fasting blood glucose (>=7.0 mmol/L or on medication)(age-standardized estimate),Raised fasting blood glucose (>=7.0 mmol/L or on medication)(age-standardized estimate),Raised fasting blood glucose (>=7.0 mmol/L or on medication)(age-standardized estimate),Raised fasting blood glucose (>=7.0 mmol/L or on medication)(age-standardized estimate),Raised fasting blood glucose (>=7.0 mmol/L or on medication)(age-standardized estimate),Raised fasting blood glucose (>=7.0 mmol/L or on medication)(age-standardized estimate),Raised fasting blood glucose (>=7.0 mmol/L or on medication)(age-standardized estimate),Raised fasting blood glucose (>=7.0 mmol/L or on medication)(age-standardized estimate),Raised fasting blood glucose (>=7.0 mmol/L or on medication)(age-standardized estimate),Raised fasting blood glucose (>=7.0 mmol/L or on medication)(age-standardized estimate),Raised fasting blood glucose (>=7.0 mmol/L or on medication)(age-standardized estimate),Raised fasting blood glucose (>=7.0 mmol/L or on medication)(age-standardized estimate),Raised fasting blood glucose (>=7.0 mmol/L or on medication)(age-standardized estimate),Raised fasting blood glucose (>=7.0 mmol/L or on medication)(age-standardized estimate),Raised fasting blood glucose (>=7.0 mmol/L or on medication)(age-standardized estimate),Raised fasting blood glucose (>=7.0 mmol/L or on medication)(age-standardized estimate),Raised fasting blood glucose (>=7.0 mmol/L or on medication)(age-standardized estimate),Raised fasting blood glucose (>=7.0 mmol/L or on medication)(age-standardized estimate),Raised fasting blood glucose (>=7.0 mmol/L or on medication)(age-standardized estimate),Raised fasting blood glucose (>=7.0 mmol/L or on medication)(age-standardized estimate),Raised fasting blood glucose (>=7.0 mmol/L or on medication)(age-standardized estimate),Raised fasting blood glucose (>=7.0 mmol/L or on medication)(age-standardized estimate),Raised fasting blood glucose (>=7.0 mmol/L or on medication)(age-standardized estimate),Raised fasting blood glucose (>=7.0 mmol/L or on medication)(age-standardized estimate),Raised fasting blood glucose (>=7.0 mmol/L or on medication)(age-standardized estimate),Raised fasting blood glucose (>=7.0 mmol/L or on medication)(age-standardized estimate),Raised fasting blood glucose (>=7.0 mmol/L or on medication)(age-standardized estimate),Raised fasting blood glucose (>=7.0 mmol/L or on medication)(age-standardized estimate),Raised fasting blood glucose (>=7.0 mmol/L or on medication)(age-standardized estimate),Raised fasting blood glucose (>=7.0 mmol/L or on medication)(age-standardized estimate),Raised fasting blood glucose (>=7.0 mmol/L or on medication)(age-standardized estimate),Raised fasting blood glucose (>=7.0 mmol/L or on medication)(age-standardized estimate),Raised fasting blood glucose (>=7.0 mmol/L or on medication)(age-standardized estimate),Raised fasting blood glucose (>=7.0 mmol/L or on medication)(age-standardized estimate),Raised fasting blood glucose (>=7.0 mmol/L or on medication)(age-standardized estimate),Raised fasting blood glucose (>=7.0 mmol/L or on medication)(age-standardized estimate),Raised fasting blood glucose (>=7.0 mmol/L or on medication)(age-standardized estimate),Raised fasting blood glucose (>=7.0 mmol/L or on medication)(age-standardized estimate),Raised fasting blood glucose (>=7.0 mmol/L or on medication)(age-standardized estimate),Raised fasting blood glucose (>=7.0 mmol/L or on medication)(age-standardized estimate),Raised fasting blood glucose (>=7.0 mmol/L or on medication)(age-standardized estimate),Raised fasting blood glucose (>=7.0 mmol/L or on medication)(age-standardized estimate),Raised fasting blood glucose (>=7.0 mmol/L or on medication)(age-standardized estimate),Raised fasting blood glucose (>=7.0 mmol/L or on medication)(age-standardized estimate),Raised fasting blood glucose (>=7.0 mmol/L or on medication)(age-standardized estimate),Raised fasting blood glucose (>=7.0 mmol/L or on medication)(age-standardized estimate),Raised fasting blood glucose (>=7.0 mmol/L or on medication)(age-standardized estimate),Raised fasting blood glucose (>=7.0 mmol/L or on medication)(age-standardized estimate),Raised fasting blood glucose (>=7.0 mmol/L or on medication)(age-standardized estimate),Raised fasting blood glucose (>=7.0 mmol/L or on medication)(age-standardized estimate),Raised fasting blood glucose (>=7.0 mmol/L or on medication)(age-standardized estimate),Raised fasting blood glucose (>=7.0 mmol/L or on medication)(age-standardized estimate),Raised fasting blood glucose (>=7.0 mmol/L or on medication)(age-standardized estimate),Raised fasting blood glucose (>=7.0 mmol/L or on medication)(age-standardized estimate),Raised fasting blood glucose (>=7.0 mmol/L or on medication)(age-standardized estimate),Raised fasting blood glucose (>=7.0 mmol/L or on medication)(age-standardized estimate)
1,,18+  years,18+  years,18+  years,18+  years,18+  years,18+  years,18+  years,18+  years,18+  years,18+  years,18+  years,18+  years,18+  years,18+  years,18+  years,18+  years,18+  years,18+  years,18+  years,18+  years,18+  years,18+  years,18+  years,18+  years,18+  years,18+  years,18+  years,18+  years,18+  years,18+  years,18+  years,18+  years,18+  years,18+  years,18+  years,18+  years,18+  years,18+  years,18+  years,18+  years,18+  years,18+  years,18+  years,18+  years,18+  years,18+  years,18+  years,18+  years,18+  years,18+  years,18+  years,18+  years,18+  years,18+  years,18+  years,18+  years,18+  years,18+  years,18+  years,18+  years,18+  years,18+  years,18+  years,18+  years,18+  years,18+  years,18+  years,18+  years,18+  years,18+  years,18+  years,18+  years,18+  years,18+  years,18+  years,18+  years,18+  years,18+  years,18+  years,18+  years,18+  years,18+  years,18+  years,18+  years,18+  years,18+  years,18+  years,18+  years,18+  years,18+  years,18+  years,18+  years,18+  years,18+  years,18+  years,18+  years,18+  years,18+  years,18+  years,18+  years,18+  years,18+  years,18+  years,18+  years,18+  years
2,Country,Both sexes,Male,Female,Both sexes,Male,Female,Both sexes,Male,Female,Both sexes,Male,Female,Both sexes,Male,Female,Both sexes,Male,Female,Both sexes,Male,Female,Both sexes,Male,Female,Both sexes,Male,Female,Both sexes,Male,Female,Both sexes,Male,Female,Both sexes,Male,Female,Both sexes,Male,Female,Both sexes,Male,Female,Both sexes,Male,Female,Both sexes,Male,Female,Both sexes,Male,Female,Both sexes,Male,Female,Both sexes,Male,Female,Both sexes,Male,Female,Both sexes,Male,Female,Both sexes,Male,Female,Both sexes,Male,Female,Both sexes,Male,Female,Both sexes,Male,Female,Both sexes,Male,Female,Both sexes,Male,Female,Both sexes,Male,Female,Both sexes,Male,Female,Both sexes,Male,Female,Both sexes,Male,Female,Both sexes,Male,Female,Both sexes,Male,Female,Both sexes,Male,Female,Both sexes,Male,Female
3,Afghanistan,11.9,11.6,12.2,11.6,11.3,11.9,11.3,11,11.6,11.1,10.8,11.3,10.8,10.5,11.1,10.5,10.3,10.8,10.3,10,10.5,10,9.8,10.2,9.7,9.5,9.9,9.5,9.3,9.7,9.3,9,9.4,9,8.8,9.2,8.8,8.6,9,8.5,8.3,8.7,8.3,8.1,8.5,8.1,7.9,8.3,7.9,7.7,8.2,7.7,7.5,8,7.5,7.3,7.8,7.4,7.1,7.7,7.2,6.9,7.5,7.1,6.7,7.4,6.9,6.6,7.2,6.7,6.4,7.1,6.6,6.2,6.9,6.4,6,6.7,6.2,5.8,6.6,6,5.6,6.4,5.8,5.4,6.2,5.7,5.3,6.1,5.5,5.1,5.9,5.4,4.9,5.8,5.2,4.8,5.6,5.1,4.6,5.5,4.9,4.5,5.4
4,Albania,7.4,7.7,7.1,7.3,7.6,7,7.2,7.5,7,7.1,7.3,6.9,7.1,7.2,6.9,7,7.1,6.8,6.9,7,6.7,6.8,6.9,6.7,6.7,6.8,6.6,6.6,6.6,6.6,6.5,6.5,6.5,6.4,6.4,6.4,6.3,6.3,6.4,6.2,6.1,6.3,6.1,6,6.2,6,5.9,6.2,5.9,5.7,6.1,5.9,5.6,6.1,5.8,5.5,6,5.7,5.4,6,5.6,5.3,6,5.6,5.2,5.9,5.5,5.1,5.9,5.5,5.1,5.9,5.4,5,5.9,5.4,4.9,5.8,5.3,4.8,5.8,5.2,4.7,5.8,5.2,4.6,5.7,5.1,4.5,5.7,5.1,4.4,5.7,5,4.4,5.7,5,4.3,5.7,4.9,4.2,5.7,4.9,4.2,5.7
5,Algeria,12.4,12.3,12.6,12.2,12,12.3,11.9,11.7,12.1,11.7,11.5,11.9,11.4,11.2,11.6,11.2,11,11.4,10.9,10.7,11.2,10.7,10.4,10.9,10.4,10.1,10.7,10.2,9.9,10.4,9.9,9.6,10.2,9.6,9.3,9.9,9.4,9.1,9.7,9.1,8.8,9.4,8.9,8.6,9.2,8.6,8.3,9,8.4,8.1,8.7,8.2,7.8,8.5,8,7.6,8.3,7.7,7.4,8.1,7.5,7.2,7.9,7.3,6.9,7.7,7.1,6.7,7.5,6.9,6.5,7.3,6.7,6.3,7.1,6.5,6.1,6.9,6.4,5.9,6.7,6.2,5.7,6.6,6,5.6,6.4,5.8,5.4,6.3,5.7,5.2,6.1,5.5,5.1,6,5.4,4.9,5.8,5.3,4.8,5.7,5.2,4.7,5.6
6,Andorra,6.9,8.1,5.8,6.9,8.1,5.8,7,8.1,5.9,7,8.1,5.9,7,8.1,6,7,8.1,6,7,8,6.1,7.1,8,6.1,7.1,8,6.2,7.1,8,6.2,7.1,8,6.3,7.1,7.9,6.3,7.1,7.9,6.4,7.1,7.8,6.4,7.1,7.7,6.4,7.1,7.7,6.5,7,7.6,6.5,7,7.5,6.6,7,7.5,6.6,7,7.4,6.6,7,7.4,6.7,7,7.3,6.8,7,7.3,6.8,7.1,7.2,6.9,7.1,7.2,6.9,7,7.1,7,7,7.1,7,7,7,7,7,6.9,7.1,7,6.9,7.1,7,6.8,7.1,6.9,6.7,7.1,6.9,6.6,7.1,6.8,6.5,7.1,6.8,6.4,7.2
7,Angola,8.2,8.5,7.8,7.9,8.3,7.6,7.7,8.1,7.4,7.5,7.8,7.3,7.3,7.6,7.1,7.1,7.4,6.9,6.9,7.1,6.7,6.7,6.9,6.5,6.4,6.6,6.3,6.2,6.4,6.1,6,6.1,5.9,5.8,5.9,5.7,5.6,5.7,5.5,5.4,5.5,5.3,5.2,5.3,5.2,5.1,5.2,5,4.9,5,4.9,4.8,4.8,4.7,4.7,4.7,4.6,4.5,4.6,4.5,4.4,4.4,4.4,4.3,4.3,4.2,4.2,4.2,4.1,4,4,4,3.9,3.9,3.9,3.7,3.7,3.8,3.6,3.5,3.6,3.4,3.4,3.5,3.3,3.2,3.4,3.2,3.1,3.3,3.1,3,3.2,3,2.8,3.1,2.9,2.7,3,2.8,2.7,2.9,2.7,2.6,2.9
8,Antigua and Barbuda,11.5,9.9,13,11.2,9.6,12.6,10.8,9.3,12.3,10.5,9,12,10.2,8.7,11.6,10,8.5,11.3,9.7,8.2,11,9.4,8,10.7,9.1,7.7,10.4,8.8,7.5,10.1,8.6,7.2,9.8,8.3,7,9.6,8.1,6.8,9.3,7.9,6.6,9.1,7.7,6.5,8.8,7.5,6.3,8.6,7.3,6.1,8.4,7.1,6,8.2,6.9,5.8,8,6.8,5.7,7.8,6.6,5.6,7.6,6.5,5.4,7.5,6.3,5.3,7.3,6.2,5.2,7.1,6,5,7,5.9,4.9,6.8,5.7,4.7,6.6,5.6,4.6,6.5,5.4,4.5,6.3,5.3,4.4,6.2,5.2,4.3,6.1,5.1,4.2,5.9,5,4.1,5.8,4.9,4,5.7,4.8,3.9,5.6
9,Argentina,9.7,9.9,9.5,9.5,9.8,9.3,9.4,9.7,9.1,9.3,9.6,9,9.1,9.4,8.8,9,9.3,8.7,8.9,9.3,8.5,8.8,9.2,8.4,8.7,9.1,8.2,8.6,9,8.1,8.5,8.9,8,8.4,8.9,7.9,8.3,8.8,7.8,8.3,8.8,7.7,8.2,8.7,7.7,8.1,8.7,7.6,8,8.6,7.5,8,8.5,7.4,7.9,8.5,7.3,7.8,8.4,7.2,7.7,8.3,7.1,7.6,8.2,7,7.5,8.2,6.9,7.4,8.1,6.8,7.4,8,6.8,7.3,7.9,6.7,7.2,7.9,6.6,7.1,7.8,6.5,7.1,7.7,6.4,7,7.7,6.4,6.9,7.6,6.3,6.9,7.6,6.3,6.8,7.5,6.2,6.8,7.5,6.2,6.8,7.4,6.1
10,Armenia,11.5,11,12,11.3,10.7,11.8,11,10.5,11.5,10.8,10.3,11.3,10.6,10,11.1,10.4,9.8,11,10.2,9.6,10.8,10,9.3,10.5,9.8,9.1,10.3,9.5,8.8,10.1,9.3,8.6,9.9,9.1,8.4,9.6,8.8,8.1,9.4,8.6,7.9,9.2,8.5,7.8,9,8.3,7.6,8.8,8.2,7.5,8.7,8,7.4,8.5,7.9,7.3,8.4,7.8,7.2,8.3,7.7,7.1,8.2,7.6,7.1,8.1,7.6,7,8,7.5,6.9,8,7.4,6.8,7.9,7.3,6.7,7.7,7.2,6.6,7.6,7.1,6.5,7.5,7,6.4,7.4,6.9,6.3,7.3,6.8,6.2,7.2,6.7,6.2,7.1,6.6,6.1,7,6.5,6,6.9,6.4,5.9,6.8
11,Australia,5.9,6.8,5,5.9,6.8,5,5.9,6.8,5,5.9,6.8,5,5.9,6.8,5,5.9,6.8,5,5.9,6.8,5,5.9,6.8,5,5.9,6.8,5,5.9,6.8,5,5.9,6.8,5,5.9,6.8,5,5.9,6.8,5,5.9,6.7,5,5.8,6.7,5,5.8,6.6,4.9,5.7,6.6,4.9,5.7,6.5,4.9,5.6,6.4,4.8,5.5,6.3,4.8,5.5,6.3,4.7,5.4,6.2,4.7,5.4,6.1,4.6,5.3,6,4.6,5.3,6,4.5,5.2,5.9,4.5,5.2,5.9,4.5,5.1,5.8,4.4,5.1,5.8,4.4,5.1,5.8,4.4,5,5.7,4.3,5,5.7,4.3,5,5.7,4.3,4.9,5.7,4.3,4.9,5.6,4.2
12,Austria,4.3,5.4,3.2,4.3,5.4,3.2,4.3,5.4,3.3,4.3,5.4,3.3,4.3,5.4,3.3,4.3,5.4,3.4,4.3,5.4,3.4,4.4,5.4,3.4,4.4,5.3,3.5,4.4,5.3,3.5,4.4,5.3,3.5,4.4,5.3,3.5,4.4,5.2,3.5,4.3,5.2,3.5,4.3,5.1,3.5,4.3,5.1,3.5,4.2,5,3.5,4.2,4.9,3.5,4.2,4.9,3.5,4.1,4.8,3.5,4.1,4.7,3.5,4.1,4.7,3.5,4.1,4.6,3.5,4,4.6,3.5,4,4.5,3.5,4,4.5,3.6,4,4.4,3.6,4,4.4,3.6,3.9,4.3,3.6,3.9,4.3,3.6,3.9,4.3,3.6,3.9,4.2,3.6,3.9,4.2,3.6,3.9,4.1,3.7,3.9,4.1,3.7
13,Azerbaijan,12.3,11.6,13,12,11.2,12.7,11.7,10.9,12.3,11.3,10.6,12,11,10.2,11.6,10.6,9.9,11.3,10.3,9.5,10.9,9.9,9.2,10.6,9.6,8.9,10.2,9.3,8.6,9.9,9,8.3,9.6,8.7,8,9.3,8.5,7.8,9,8.2,7.6,8.7,8,7.4,8.5,7.8,7.3,8.3,7.7,7.1,8.1,7.6,7,8,7.4,6.9,7.9,7.4,6.8,7.8,7.3,6.8,7.7,7.2,6.7,7.6,7.1,6.6,7.5,7,6.5,7.4,6.9,6.4,7.3,6.8,6.3,7.2,6.7,6.2,7.1,6.6,6.1,6.9,6.5,6,6.8,6.4,5.9,6.7,6.3,5.8,6.6,6.2,5.7,6.5,6.1,5.6,6.4,6,5.5,6.3,5.9,5.5,6.2
14,Bahamas,12.5,11.2,13.7,12.3,11.1,13.5,12.2,10.9,13.3,12,10.8,13.1,11.9,10.7,12.9,11.8,10.6,12.8,11.6,10.5,12.6,11.5,10.4,12.5,11.4,10.3,12.3,11.2,10.2,12.2,11.1,10.1,12,10.9,9.9,11.8,10.8,9.8,11.7,10.6,9.6,11.5,10.4,9.4,11.3,10.3,9.3,11.1,10.1,9.1,10.9,9.9,8.9,10.7,9.7,8.8,10.5,9.5,8.6,10.3,9.3,8.4,10.1,9.2,8.3,10,9,8.1,9.8,8.9,8,9.7,8.7,7.8,9.5,8.6,7.7,9.4,8.4,7.5,9.2,8.3,7.3,9.1,8.1,7.2,8.9,8,7,8.8,7.8,6.8,8.6,7.6,6.7,8.4,7.5,6.5,8.3,7.3,6.4,8.2,7.2,6.3,8
15,Bahrain,11.5,12,10.6,11.4,11.9,10.6,11.3,11.8,10.5,11.2,11.6,10.4,11.1,11.6,10.4,11,11.5,10.3,11,11.4,10.3,10.9,11.3,10.2,10.8,11.2,10.2,10.7,11.1,10.1,10.6,11,10.1,10.6,10.9,10.1,10.5,10.8,10,10.4,10.7,10,10.3,10.6,9.9,10.3,10.5,9.9,10.2,10.3,9.9,10.1,10.2,9.8,10,10.1,9.8,9.9,10,9.7,9.8,9.8,9.7,9.7,9.7,9.6,9.5,9.5,9.5,9.4,9.4,9.5,9.3,9.3,9.5,9.3,9.2,9.4,9.2,9,9.4,9.1,8.9,9.4,9.1,8.8,9.4,9,8.7,9.4,9,8.7,9.4,8.9,8.6,9.4,8.9,8.5,9.5,8.9,8.4,9.5,8.9,8.4,9.6
16,Bangladesh,9.8,10.3,9.3,9.6,10.1,9.1,9.4,9.9,8.9,9.2,9.7,8.7,9,9.5,8.5,8.9,9.4,8.3,8.7,9.2,8.1,8.5,9,7.9,8.3,8.8,7.8,8.1,8.6,7.6,7.9,8.4,7.4,7.7,8.2,7.2,7.5,8,7,7.3,7.7,6.8,7.1,7.5,6.6,6.9,7.3,6.4,6.7,7.1,6.3,6.5,6.9,6.1,6.3,6.7,5.9,6.2,6.5,5.8,6,6.3,5.6,5.8,6.1,5.5,5.6,5.9,5.3,5.5,5.7,5.2,5.3,5.5,5,5.1,5.3,4.9,5,5.1,4.7,4.8,5,4.6,4.6,4.8,4.5,4.5,4.6,4.3,4.3,4.4,4.2,4.2,4.3,4.1,4.1,4.1,4,3.9,4,3.9,3.8,3.8,3.8
17,Barbados,12.2,10.5,13.7,11.9,10.3,13.4,11.7,10.1,13.2,11.4,9.9,12.9,11.2,9.7,12.7,11,9.5,12.4,10.8,9.3,12.2,10.6,9.1,12,10.4,8.9,11.7,10.1,8.7,11.5,9.9,8.5,11.2,9.7,8.3,11,9.5,8.1,10.7,9.3,7.9,10.5,9.1,7.8,10.2,8.8,7.6,10,8.6,7.4,9.8,8.5,7.2,9.5,8.3,7,9.3,8.1,6.9,9.1,7.9,6.7,9,7.8,6.6,8.8,7.7,6.5,8.7,7.6,6.3,8.5,7.4,6.2,8.4,7.3,6.1,8.3,7.2,6,8.1,7.1,5.9,8,7,5.8,7.9,6.9,5.6,7.8,6.7,5.5,7.7,6.6,5.4,7.6,6.5,5.3,7.4,6.4,5.1,7.3,6.3,5,7.2
18,Belarus,7.8,8,7.5,7.7,7.9,7.5,7.6,7.8,7.5,7.6,7.7,7.5,7.5,7.5,7.4,7.4,7.4,7.4,7.4,7.3,7.4,7.3,7.2,7.3,7.2,7.1,7.3,7.1,7,7.2,7,6.8,7.1,6.9,6.7,7,6.8,6.6,7,6.7,6.5,6.9,6.7,6.4,6.9,6.6,6.3,6.8,6.5,6.2,6.7,6.4,6.1,6.7,6.4,6,6.7,6.4,6,6.6,6.3,5.9,6.6,6.3,5.8,6.6,6.2,5.8,6.5,6.1,5.7,6.5,6.1,5.6,6.4,6,5.5,6.3,5.9,5.4,6.3,5.8,5.3,6.2,5.8,5.2,6.1,5.7,5.1,6.1,5.6,5,6,5.5,4.9,6,5.5,4.8,5.9,5.4,4.8,5.9,5.4,4.7,5.8
19,Belgium,4.6,5.7,3.5,4.6,5.7,3.5,4.6,5.7,3.6,4.6,5.7,3.6,4.6,5.6,3.7,4.7,5.7,3.7,4.7,5.7,3.8,4.8,5.7,3.8,4.8,5.7,3.9,4.9,5.7,4,4.9,5.8,4.1,4.9,5.8,4.1,5,5.8,4.2,5,5.9,4.3,5.1,5.9,4.3,5.1,5.9,4.4,5.2,6,4.4,5.2,6,4.5,5.3,6,4.6,5.3,6,4.6,5.4,6.1,4.7,5.4,6.1,4.7,5.4,6.1,4.8,5.5,6.1,4.8,5.5,6.1,4.9,5.5,6.1,4.9,5.6,6.2,5,5.6,6.2,5,5.6,6.2,5.1,5.7,6.2,5.1,5.7,6.2,5.2,5.7,6.3,5.2,5.8,6.3,5.3,5.8,6.3,5.4,5.9,6.4,5.4
20,Belize,12.7,10,15.2,12.4,9.8,14.9,12.1,9.6,14.6,11.9,9.5,14.3,11.7,9.3,14,11.4,9.1,13.7,11.2,9,13.4,11,8.8,13.1,10.8,8.7,12.9,10.6,8.6,12.6,10.4,8.4,12.4,10.2,8.3,12.1,10,8.1,11.8,9.8,7.9,11.5,9.5,7.8,11.3,9.3,7.6,11,9.1,7.4,10.7,8.9,7.3,10.5,8.7,7.1,10.3,8.5,7,10,8.3,6.8,9.8,8.1,6.7,9.6,8,6.6,9.4,7.8,6.4,9.2,7.6,6.3,9,7.5,6.2,8.8,7.3,6.1,8.6,7.2,6,8.4,7.1,5.8,8.3,6.9,5.8,8.1,6.8,5.7,8,6.7,5.6,7.9,6.6,5.5,7.8,6.6,5.4,7.7,6.5,5.4,7.6
21,Benin,7.2,7.4,7,7,7.3,6.8,6.9,7.2,6.7,6.8,7.1,6.5,6.7,7,6.4,6.5,6.9,6.2,6.4,6.8,6.1,6.3,6.6,5.9,6.1,6.5,5.8,6,6.4,5.7,5.9,6.2,5.5,5.7,6.1,5.4,5.6,6,5.3,5.4,5.8,5.1,5.3,5.7,5,5.2,5.5,4.8,5,5.4,4.7,4.9,5.2,4.6,4.7,5.1,4.4,4.6,4.9,4.3,4.4,4.8,4.1,4.3,4.6,4,4.2,4.5,3.9,4,4.3,3.8,3.9,4.2,3.6,3.8,4.1,3.5,3.6,3.9,3.4,3.5,3.8,3.3,3.4,3.7,3.2,3.3,3.6,3.1,3.2,3.5,3,3.1,3.4,2.9,3,3.3,2.9,3,3.2,2.8,2.9,3.1,2.7
22,Bhutan,11.8,11.9,11.5,11.6,11.8,11.4,11.5,11.7,11.2,11.3,11.5,11.1,11.2,11.3,10.9,11,11.2,10.8,10.8,11,10.6,10.6,10.8,10.4,10.4,10.6,10.2,10.2,10.3,10,10,10.1,9.8,9.7,9.8,9.6,9.5,9.5,9.4,9.2,9.3,9.1,8.9,9,8.9,8.7,8.7,8.7,8.4,8.4,8.4,8.1,8.1,8.2,7.9,7.8,7.9,7.6,7.5,7.7,7.3,7.2,7.4,7,6.9,7.2,6.8,6.6,7,6.5,6.3,6.7,6.3,6.1,6.5,6,5.8,6.2,5.8,5.5,6,5.5,5.3,5.8,5.3,5,5.6,5.1,4.8,5.4,4.9,4.6,5.2,4.7,4.4,5,4.5,4.2,4.9,4.4,4.1,4.7,4.2,3.9,4.6
23,Bolivia (Plurinational State of),8,7,8.9,7.8,6.8,8.8,7.7,6.7,8.6,7.5,6.5,8.4,7.4,6.4,8.3,7.3,6.3,8.1,7.1,6.2,8,7,6.1,7.8,6.9,6,7.7,6.8,5.9,7.6,6.7,5.9,7.5,6.6,5.8,7.4,6.5,5.7,7.3,6.4,5.7,7.2,6.4,5.6,7,6.3,5.5,6.9,6.2,5.4,6.8,6,5.3,6.7,5.9,5.3,6.6,5.8,5.2,6.4,5.7,5.1,6.3,5.6,5,6.2,5.5,5,6.1,5.5,4.9,6,5.4,4.8,5.8,5.3,4.7,5.7,5.2,4.7,5.6,5.1,4.6,5.5,5,4.5,5.4,4.9,4.4,5.3,4.8,4.4,5.2,4.7,4.3,5.1,4.6,4.2,5,4.6,4.1,5,4.5,4.1,4.9
24,Bosnia and Herzegovina,7.4,8,6.9,7.4,7.9,6.9,7.3,7.8,6.9,7.3,7.8,6.9,7.3,7.7,6.8,7.2,7.6,6.8,7.2,7.6,6.8,7.2,7.5,6.8,7.2,7.5,6.8,7.1,7.4,6.8,7.1,7.3,6.8,7,7.2,6.8,6.9,7,6.7,6.7,6.9,6.6,6.6,6.7,6.5,6.4,6.5,6.3,6.2,6.2,6.2,6,6,6,5.9,5.8,5.9,5.7,5.6,5.7,5.6,5.5,5.6,5.5,5.3,5.6,5.4,5.2,5.5,5.3,5.1,5.4,5.2,5,5.4,5.1,4.9,5.3,5.1,4.8,5.3,5,4.7,5.3,5,4.6,5.3,4.9,4.6,5.2,4.9,4.5,5.2,4.9,4.4,5.2,4.8,4.3,5.2,4.8,4.3,5.2,4.8,4.2,5.2
25,Botswana,8.6,7.6,9.5,8.4,7.4,9.3,8.2,7.2,9.1,8.1,7,9,7.9,6.8,8.8,7.7,6.7,8.6,7.6,6.5,8.5,7.4,6.4,8.4,7.3,6.2,8.2,7.2,6.1,8.1,7.1,6,8,7,5.9,7.9,6.9,5.8,7.8,6.7,5.6,7.7,6.6,5.5,7.5,6.5,5.4,7.4,6.3,5.2,7.2,6.1,5,7.1,6,4.8,6.9,5.8,4.7,6.7,5.6,4.5,6.6,5.4,4.3,6.4,5.2,4,6.2,5,3.8,5.9,4.8,3.6,5.7,4.5,3.4,5.4,4.3,3.1,5.2,4.1,2.9,5,3.9,2.8,4.7,3.7,2.6,4.5,3.5,2.5,4.4,3.4,2.3,4.2,3.3,2.2,4.1,3.2,2.1,3.9,3.1,2,3.8
26,Brazil,8.3,7.8,8.7,8.1,7.7,8.5,8,7.6,8.4,7.9,7.5,8.2,7.8,7.5,8.1,7.7,7.4,8,7.6,7.3,7.9,7.5,7.2,7.7,7.4,7.1,7.6,7.3,7.1,7.5,7.2,7,7.4,7.1,6.9,7.3,7,6.8,7.2,6.9,6.7,7.1,6.9,6.6,7,6.8,6.6,7,6.7,6.5,6.9,6.6,6.4,6.8,6.5,6.3,6.7,6.5,6.2,6.7,6.4,6.1,6.6,6.3,6.1,6.5,6.2,6,6.5,6.2,5.9,6.4,6.1,5.8,6.3,6,5.7,6.3,5.9,5.6,6.2,5.8,5.5,6.1,5.7,5.4,6,5.6,5.3,6,5.6,5.2,5.9,5.5,5.1,5.8,5.4,5,5.7,5.3,4.9,5.7,5.2,4.8,5.6
27,Brunei Darussalam,9.4,9.2,9.7,9.5,9.2,9.7,9.5,9.2,9.8,9.5,9.2,9.8,9.5,9.2,9.9,9.6,9.2,10,9.6,9.2,10,9.6,9.1,10.1,9.6,9.1,10.1,9.6,9,10.1,9.5,8.9,10.2,9.5,8.9,10.2,9.4,8.7,10.1,9.4,8.6,10.1,9.3,8.5,10.1,9.2,8.4,10,9.1,8.3,10,9,8.1,9.9,8.9,8,9.8,8.8,7.9,9.8,8.6,7.8,9.7,8.6,7.7,9.6,8.5,7.6,9.5,8.4,7.5,9.4,8.3,7.3,9.3,8.2,7.2,9.3,8,7.1,9.2,7.9,6.9,9.1,7.8,6.8,9,7.7,6.7,8.9,7.6,6.5,8.8,7.5,6.5,8.8,7.4,6.4,8.8,7.4,6.3,8.8,7.4,6.3,8.8
28,Bulgaria,7.6,8.4,6.9,7.5,8.3,6.8,7.4,8.1,6.7,7.3,7.9,6.7,7.2,7.8,6.6,7.1,7.6,6.5,6.9,7.5,6.5,6.8,7.3,6.4,6.7,7.2,6.3,6.6,7,6.3,6.5,6.9,6.2,6.4,6.8,6.1,6.3,6.7,6.1,6.3,6.5,6,6.2,6.4,5.9,6.1,6.3,5.9,6,6.2,5.8,6,6.1,5.8,5.9,6,5.8,5.9,6,5.7,5.8,5.9,5.7,5.8,5.8,5.7,5.7,5.7,5.7,5.7,5.7,5.7,5.6,5.6,5.7,5.6,5.5,5.7,5.6,5.4,5.7,5.5,5.3,5.7,5.5,5.2,5.7,5.4,5.1,5.7,5.4,5,5.7,5.3,4.9,5.7,5.3,4.8,5.7,5.2,4.7,5.7,5.2,4.6,5.7
29,Burkina Faso,6.3,7.4,5.5,6.2,7.2,5.3,6,7,5.2,5.9,6.9,5.1,5.8,6.7,5,5.6,6.5,4.9,5.5,6.4,4.8,5.4,6.2,4.7,5.2,6,4.6,5.1,5.8,4.5,4.9,5.6,4.4,4.7,5.4,4.2,4.6,5.2,4.1,4.4,5,4,4.3,4.8,3.9,4.1,4.6,3.8,4,4.5,3.6,3.9,4.3,3.5,3.7,4.1,3.4,3.6,4,3.3,3.5,3.8,3.3,3.4,3.7,3.2,3.3,3.6,3.1,3.2,3.4,3,3.1,3.3,2.9,3,3.2,2.8,2.9,3.1,2.8,2.8,3,2.7,2.7,2.9,2.6,2.6,2.7,2.5,2.6,2.6,2.5,2.5,2.6,2.4,2.4,2.5,2.4,2.4,2.4,2.3,2.3,2.3,2.3
30,Burundi,4.2,4.2,4.1,4,4.1,4,3.9,3.9,3.9,3.8,3.8,3.8,3.7,3.7,3.6,3.6,3.6,3.6,3.5,3.4,3.5,3.4,3.3,3.4,3.3,3.2,3.3,3.2,3.1,3.2,3.1,3,3.1,3,2.9,3,2.9,2.8,2.9,2.8,2.6,2.9,2.7,2.5,2.8,2.6,2.4,2.7,2.5,2.3,2.6,2.4,2.2,2.5,2.3,2.2,2.5,2.3,2.1,2.4,2.2,2,2.3,2.1,1.9,2.3,2,1.8,2.2,1.9,1.7,2.1,1.9,1.6,2.1,1.8,1.5,2,1.7,1.5,1.9,1.6,1.4,1.8,1.6,1.3,1.8,1.5,1.2,1.7,1.5,1.2,1.7,1.4,1.1,1.6,1.4,1.1,1.6,1.3,1,1.6,1.3,1,1.5
31,Cabo Verde,8.5,9.1,8,8.4,9,7.9,8.3,8.9,7.8,8.2,8.8,7.7,8.1,8.7,7.6,8,8.5,7.5,7.8,8.4,7.4,7.7,8.2,7.2,7.5,8,7.1,7.3,7.8,6.9,7.2,7.6,6.8,7,7.4,6.6,6.8,7.2,6.4,6.5,6.9,6.3,6.3,6.7,6.1,6.1,6.4,5.9,5.9,6.2,5.7,5.7,5.9,5.5,5.5,5.7,5.3,5.3,5.4,5.2,5.1,5.2,5,4.9,5,4.9,4.8,4.9,4.7,4.6,4.7,4.6,4.5,4.5,4.4,4.3,4.4,4.3,4.2,4.2,4.2,4.1,4.1,4,3.9,3.9,3.9,3.8,3.8,3.7,3.6,3.6,3.6,3.5,3.5,3.5,3.3,3.3,3.4,3.2,3.2,3.3,3.1,3.1,3.2
32,Cambodia,7.1,7.4,6.9,7,7.2,6.8,6.8,7.1,6.7,6.7,6.9,6.6,6.6,6.7,6.5,6.5,6.6,6.4,6.3,6.4,6.3,6.2,6.2,6.2,6.1,6,6.1,5.9,5.8,6,5.8,5.7,5.9,5.6,5.5,5.8,5.5,5.3,5.7,5.4,5.2,5.6,5.3,5,5.4,5.2,4.9,5.3,5,4.8,5.2,4.9,4.6,5.2,4.8,4.5,5.1,4.7,4.4,4.9,4.6,4.2,4.8,4.5,4.1,4.7,4.3,4,4.6,4.2,3.9,4.5,4.1,3.7,4.4,4,3.6,4.2,3.9,3.5,4.1,3.7,3.4,4,3.6,3.2,3.9,3.5,3.1,3.8,3.4,3,3.7,3.3,2.9,3.6,3.2,2.8,3.5,3.1,2.8,3.4,3.1,2.7,3.3
33,Cameroon,6.7,6.5,6.9,6.6,6.5,6.7,6.5,6.4,6.5,6.3,6.3,6.4,6.2,6.2,6.2,6.1,6.1,6.1,6,6,6,5.9,5.9,5.8,5.7,5.8,5.7,5.6,5.7,5.5,5.4,5.5,5.4,5.3,5.4,5.2,5.2,5.3,5.1,5,5.1,4.9,4.9,5,4.8,4.8,4.9,4.6,4.7,4.8,4.5,4.6,4.7,4.4,4.4,4.6,4.3,4.3,4.5,4.2,4.2,4.4,4.1,4.1,4.3,4,4,4.1,3.9,3.9,4,3.9,3.8,3.9,3.8,3.7,3.8,3.7,3.6,3.6,3.6,3.5,3.5,3.5,3.4,3.4,3.5,3.4,3.3,3.4,3.3,3.2,3.3,3.2,3.1,3.3,3.2,3.1,3.2,3.1,3,3.2,3,2.9,3.1
34,Canada,5.5,6.2,4.8,5.5,6.2,4.8,5.5,6.2,4.7,5.5,6.2,4.7,5.5,6.2,4.8,5.5,6.2,4.8,5.5,6.2,4.8,5.5,6.2,4.8,5.5,6.2,4.8,5.5,6.2,4.8,5.5,6.2,4.8,5.5,6.2,4.8,5.5,6.1,4.8,5.4,6.1,4.8,5.4,6.1,4.7,5.4,6,4.7,5.3,6,4.7,5.3,5.9,4.7,5.3,5.9,4.6,5.2,5.8,4.6,5.2,5.8,4.6,5.1,5.7,4.5,5.1,5.6,4.5,5,5.6,4.4,4.9,5.5,4.4,4.9,5.4,4.3,4.8,5.4,4.3,4.8,5.3,4.2,4.7,5.2,4.2,4.7,5.2,4.2,4.6,5.1,4.1,4.6,5.1,4.1,4.6,5.1,4.1,4.5,5,4,4.5,5,4
35,Central African Republic,7.8,8,7.6,7.6,7.8,7.4,7.4,7.6,7.2,7.1,7.3,6.9,6.9,7.1,6.7,6.6,6.8,6.5,6.4,6.6,6.3,6.2,6.4,6,6,6.2,5.8,5.8,6,5.7,5.6,5.8,5.5,5.5,5.6,5.3,5.3,5.4,5.2,5.1,5.3,5,5,5.1,4.9,4.8,5,4.7,4.7,4.8,4.6,4.6,4.7,4.5,4.5,4.5,4.4,4.3,4.4,4.2,4.2,4.3,4.1,4.1,4.2,4,4,4,3.9,3.9,3.9,3.8,3.7,3.8,3.7,3.6,3.7,3.6,3.5,3.6,3.5,3.4,3.4,3.4,3.3,3.3,3.3,3.2,3.2,3.2,3.2,3.2,3.1,3.1,3.1,3.1,3,3,3,3,3,3,2.9,2.9,2.9
36,Chad,7,7.9,6.2,6.8,7.7,6,6.6,7.5,5.8,6.5,7.3,5.7,6.3,7.2,5.5,6.1,7,5.3,6,6.8,5.2,5.8,6.6,5.1,5.7,6.4,4.9,5.5,6.3,4.8,5.3,6,4.6,5.1,5.8,4.5,5,5.7,4.4,4.8,5.5,4.2,4.7,5.3,4.1,4.5,5.1,4,4.4,4.9,3.9,4.2,4.8,3.7,4.1,4.6,3.6,3.9,4.4,3.5,3.8,4.2,3.4,3.7,4.1,3.3,3.6,3.9,3.2,3.4,3.8,3.1,3.3,3.7,3,3.2,3.5,3,3.1,3.4,2.9,3.1,3.3,2.8,3,3.2,2.7,2.9,3.1,2.7,2.8,3,2.6,2.8,3,2.6,2.7,2.9,2.5,2.7,2.8,2.5,2.6,2.8,2.5
37,Chile,10.5,10.2,10.8,10.3,10,10.6,10.2,9.8,10.5,10,9.7,10.3,9.9,9.5,10.1,9.7,9.4,10,9.6,9.3,9.9,9.4,9.1,9.7,9.3,9,9.6,9.2,8.9,9.4,9.1,8.8,9.3,9,8.7,9.2,8.9,8.6,9.1,8.8,8.5,9,8.7,8.4,8.9,8.6,8.3,8.8,8.5,8.2,8.8,8.4,8.1,8.7,8.3,8.1,8.6,8.3,8,8.5,8.2,7.9,8.4,8.1,7.8,8.4,8,7.7,8.3,7.9,7.6,8.2,7.8,7.5,8.1,7.8,7.5,8.1,7.7,7.4,8,7.7,7.4,8,7.7,7.3,7.9,7.6,7.3,7.9,7.6,7.3,7.9,7.6,7.3,7.9,7.6,7.2,7.9,7.5,7.2,7.8,7.5,7.2,7.8
38,China,8.8,9.9,7.6,8.6,9.6,7.6,8.4,9.3,7.5,8.2,9,7.4,8,8.8,7.3,7.8,8.5,7.2,7.6,8.2,7.1,7.5,7.9,7,7.3,7.6,6.8,7.1,7.4,6.7,6.9,7.1,6.6,6.7,6.8,6.5,6.5,6.6,6.4,6.3,6.4,6.3,6.2,6.2,6.2,6,5.9,6.1,5.9,5.7,6,5.7,5.5,5.9,5.6,5.3,5.8,5.4,5.2,5.7,5.3,5,5.6,5.2,4.8,5.6,5.1,4.7,5.5,5,4.6,5.5,4.9,4.4,5.4,4.9,4.3,5.4,4.8,4.2,5.3,4.7,4.1,5.3,4.6,4,5.2,4.5,3.9,5.2,4.5,3.8,5.1,4.4,3.7,5.1,4.4,3.7,5,4.3,3.6,5,4.3,3.5,5
39,Colombia,8.5,8.3,8.7,8.4,8.2,8.6,8.3,8.1,8.5,8.2,7.9,8.4,8.1,7.8,8.4,8,7.7,8.3,7.9,7.6,8.2,7.8,7.5,8.1,7.7,7.4,8.1,7.7,7.3,8,7.6,7.1,7.9,7.5,7,7.9,7.4,6.9,7.8,7.3,6.8,7.7,7.2,6.7,7.6,7.1,6.5,7.5,7,6.4,7.4,6.8,6.3,7.3,6.7,6.2,7.2,6.6,6,7.1,6.5,5.9,7,6.4,5.8,6.9,6.3,5.7,6.8,6.2,5.5,6.7,6,5.4,6.6,5.9,5.3,6.5,5.8,5.2,6.4,5.7,5.1,6.2,5.6,4.9,6.1,5.5,4.8,6,5.4,4.7,5.9,5.3,4.6,5.8,5.2,4.6,5.7,5.1,4.5,5.6,5,4.4,5.6
40,Comoros,8,7.9,8,7.8,7.7,7.8,7.6,7.5,7.6,7.4,7.3,7.4,7.2,7.2,7.2,7,7,7,6.9,6.9,6.8,6.7,6.8,6.7,6.6,6.6,6.5,6.4,6.5,6.3,6.3,6.3,6.2,6.1,6.2,6,6,6,5.9,5.8,5.9,5.7,5.7,5.8,5.6,5.5,5.6,5.4,5.4,5.5,5.3,5.2,5.4,5.1,5.1,5.2,5,4.9,5,4.8,4.8,4.9,4.7,4.6,4.7,4.6,4.5,4.5,4.4,4.3,4.4,4.3,4.2,4.2,4.2,4.1,4.1,4,4,4,3.9,3.8,3.9,3.8,3.7,3.7,3.7,3.6,3.6,3.6,3.5,3.5,3.5,3.4,3.5,3.4,3.4,3.4,3.4,3.3,3.3,3.3,3.2,3.2,3.2
41,Congo,7.7,7.7,7.6,7.5,7.5,7.4,7.3,7.4,7.3,7.2,7.2,7.1,7,7,7,6.8,6.9,6.8,6.7,6.7,6.7,6.6,6.6,6.5,6.4,6.4,6.4,6.3,6.3,6.3,6.2,6.2,6.2,6.1,6.1,6,5.9,6,5.9,5.8,5.9,5.8,5.7,5.8,5.7,5.6,5.7,5.6,5.5,5.6,5.5,5.4,5.5,5.4,5.3,5.4,5.3,5.2,5.3,5.2,5.1,5.2,5,5,5,4.9,4.9,4.9,4.8,4.8,4.8,4.7,4.6,4.7,4.6,4.5,4.5,4.5,4.4,4.4,4.4,4.2,4.2,4.2,4.1,4.1,4.1,4,4,4,3.8,3.8,3.9,3.7,3.7,3.8,3.6,3.5,3.6,3.5,3.4,3.5,3.4,3.3,3.5
42,Cook Islands,27.5,28.3,26.7,27.3,28.1,26.4,27,27.9,26.2,26.8,27.6,25.9,26.6,27.4,25.7,26.3,27.2,25.4,26.1,27,25.1,25.8,26.7,24.8,25.5,26.4,24.5,25.1,26,24.2,24.7,25.6,23.8,24.3,25.2,23.4,23.9,24.8,23,23.4,24.3,22.5,22.9,23.8,22.1,22.5,23.3,21.6,22,22.7,21.2,21.5,22.2,20.7,21,21.7,20.2,20.4,21.1,19.8,19.9,20.5,19.3,19.4,19.9,18.8,18.8,19.2,18.3,18.2,18.6,17.8,17.6,17.9,17.3,17,17.2,16.8,16.4,16.5,16.3,15.8,15.8,15.8,15.1,15,15.2,14.5,14.3,14.7,13.9,13.6,14.1,13.2,12.9,13.6,12.7,12.2,13.1,12.1,11.6,12.6,11.5,11,12.1
43,Costa Rica,8.9,8.8,8.9,8.8,8.7,8.8,8.6,8.6,8.6,8.5,8.5,8.5,8.4,8.4,8.4,8.2,8.2,8.2,8.1,8.1,8.1,8,8,8,7.9,7.9,7.9,7.8,7.8,7.7,7.6,7.6,7.6,7.5,7.5,7.5,7.3,7.3,7.3,7.2,7.2,7.2,7,7,7,6.9,6.9,6.9,6.7,6.7,6.7,6.5,6.5,6.5,6.4,6.3,6.4,6.2,6.2,6.2,6,6,6.1,5.9,5.9,5.9,5.8,5.7,5.8,5.6,5.6,5.7,5.5,5.5,5.5,5.4,5.3,5.4,5.2,5.2,5.3,5.1,5.1,5.1,5,4.9,5,4.8,4.8,4.9,4.7,4.7,4.8,4.6,4.6,4.7,4.5,4.4,4.6,4.4,4.3,4.5,4.3,4.2,4.4
44,CÃ´te d'Ivoire,6.9,7.3,6.3,6.7,7.2,6.2,6.6,7,6.1,6.5,6.9,6,6.4,6.8,5.9,6.2,6.7,5.7,6.1,6.5,5.6,6,6.4,5.5,5.9,6.3,5.5,5.8,6.2,5.4,5.7,6,5.3,5.6,5.9,5.2,5.5,5.8,5.1,5.4,5.7,5,5.3,5.6,4.9,5.2,5.5,4.8,5.1,5.3,4.7,5,5.2,4.6,4.8,5.1,4.5,4.7,5,4.4,4.6,4.8,4.3,4.5,4.7,4.2,4.4,4.6,4.1,4.3,4.4,4,4.2,4.3,4,4,4.2,3.9,3.9,4.1,3.8,3.8,3.9,3.7,3.7,3.8,3.6,3.7,3.7,3.5,3.6,3.6,3.5,3.5,3.6,3.4,3.4,3.5,3.4,3.4,3.4,3.3,3.3,3.3,3.3
45,Croatia,7.3,8.4,6.3,7.2,8.2,6.2,7,8,6.2,6.9,7.8,6.1,6.8,7.6,6,6.7,7.4,6,6.6,7.2,5.9,6.4,7.1,5.9,6.3,6.9,5.8,6.2,6.7,5.7,6.1,6.6,5.7,6,6.4,5.6,6,6.3,5.6,5.9,6.2,5.6,5.8,6.1,5.5,5.8,6,5.5,5.7,6,5.5,5.7,5.9,5.5,5.6,5.8,5.5,5.6,5.7,5.4,5.5,5.6,5.4,5.5,5.6,5.4,5.4,5.5,5.4,5.4,5.4,5.3,5.3,5.3,5.3,5.2,5.2,5.2,5.2,5.1,5.2,5.1,5,5.2,5,4.9,5.1,5,4.8,5.1,4.9,4.7,5.1,4.9,4.6,5,4.8,4.5,5,4.7,4.4,5,4.7,4.3,4.9
46,Cuba,8.4,7.3,9.6,8.3,7.2,9.4,8.2,7.1,9.3,8.1,7,9.1,8,6.9,9,7.9,6.8,8.8,7.8,6.8,8.7,7.7,6.8,8.6,7.6,6.7,8.5,7.6,6.7,8.4,7.5,6.7,8.3,7.5,6.7,8.2,7.4,6.7,8.1,7.4,6.7,8,7.3,6.7,7.9,7.3,6.6,7.8,7.2,6.6,7.7,7.1,6.6,7.7,7.1,6.6,7.6,7,6.5,7.5,7,6.5,7.4,6.9,6.4,7.4,6.9,6.4,7.3,6.8,6.3,7.3,6.7,6.2,7.2,6.6,6.1,7.1,6.5,6,7,6.4,5.9,6.9,6.3,5.7,6.8,6.2,5.6,6.7,6,5.5,6.6,5.9,5.4,6.5,5.8,5.2,6.4,5.7,5.1,6.3,5.6,5,6.2
47,Cyprus,7,8.3,5.7,6.9,8.2,5.7,6.9,8.1,5.6,6.9,8.1,5.6,6.8,8,5.6,6.8,7.9,5.6,6.7,7.8,5.6,6.7,7.7,5.6,6.6,7.7,5.6,6.6,7.6,5.6,6.5,7.4,5.6,6.4,7.3,5.6,6.4,7.2,5.6,6.3,7.1,5.5,6.2,6.9,5.5,6.1,6.8,5.5,6,6.6,5.4,5.9,6.5,5.4,5.8,6.3,5.3,5.7,6.1,5.3,5.5,5.9,5.2,5.4,5.7,5.1,5.2,5.4,5,5.1,5.2,4.9,4.9,5,4.8,4.8,4.8,4.7,4.6,4.6,4.6,4.5,4.4,4.6,4.4,4.3,4.5,4.3,4.1,4.4,4.2,4,4.3,4.1,3.8,4.2,3.9,3.7,4.1,3.8,3.5,4,3.7,3.4,3.9
48,Czechia,7.5,8.4,6.6,7.5,8.3,6.6,7.4,8.3,6.6,7.3,8.2,6.6,7.3,8.1,6.5,7.2,8,6.5,7.2,7.9,6.5,7.1,7.8,6.5,7.1,7.7,6.5,7,7.6,6.5,7,7.5,6.5,6.9,7.4,6.5,6.9,7.3,6.5,6.8,7.2,6.5,6.8,7.1,6.5,6.8,7,6.5,6.7,7,6.5,6.7,6.9,6.5,6.7,6.9,6.5,6.7,6.8,6.6,6.7,6.8,6.6,6.7,6.8,6.6,6.7,6.7,6.7,6.7,6.7,6.7,6.8,6.7,6.8,6.8,6.7,6.9,6.8,6.6,6.9,6.8,6.6,7,6.8,6.6,7,6.8,6.5,7.1,6.8,6.5,7.1,6.8,6.4,7.2,6.8,6.4,7.2,6.8,6.3,7.3,6.8,6.2,7.3
49,Democratic People's Republic of Korea,5.9,5.8,5.9,5.8,5.7,5.9,5.7,5.6,5.9,5.7,5.5,5.8,5.6,5.4,5.8,5.6,5.4,5.8,5.6,5.3,5.8,5.6,5.2,5.8,5.5,5.2,5.8,5.5,5.2,5.8,5.5,5.1,5.8,5.5,5.1,5.8,5.5,5.1,5.8,5.5,5.1,5.8,5.5,5.1,5.8,5.5,5,5.9,5.5,5,5.9,5.5,5,5.9,5.6,5.1,5.9,5.6,5.1,6,5.6,5.1,6,5.6,5.1,6,5.7,5.1,6.1,5.7,5.1,6.1,5.7,5.1,6.1,5.7,5,6.1,5.7,5,6.2,5.7,5,6.2,5.8,5,6.2,5.8,5,6.3,5.8,5,6.3,5.8,5,6.4,5.8,5,6.4,5.9,5,6.4,5.9,5,6.5
50,Democratic Republic of the Congo,6.2,6.2,6.1,6,6,5.9,5.8,5.8,5.7,5.6,5.7,5.5,5.5,5.5,5.4,5.3,5.4,5.2,5.2,5.2,5.1,5,5.1,5,4.9,4.9,4.8,4.7,4.8,4.7,4.6,4.6,4.6,4.5,4.5,4.4,4.4,4.4,4.3,4.3,4.3,4.2,4.2,4.2,4.1,4.1,4.1,4,4,4,3.9,3.9,3.9,3.8,3.8,3.8,3.7,3.7,3.7,3.7,3.6,3.6,3.6,3.5,3.5,3.5,3.4,3.4,3.4,3.3,3.3,3.3,3.2,3.2,3.2,3.1,3.1,3.2,3,3,3.1,2.9,2.9,3,2.9,2.8,2.9,2.8,2.7,2.8,2.7,2.6,2.8,2.6,2.5,2.7,2.6,2.5,2.7,2.5,2.4,2.6,2.5,2.3,2.6
51,Denmark,4.3,5.4,3.3,4.3,5.4,3.3,4.3,5.4,3.3,4.4,5.4,3.3,4.4,5.4,3.4,4.4,5.4,3.4,4.4,5.4,3.4,4.4,5.4,3.5,4.5,5.5,3.5,4.5,5.5,3.6,4.6,5.5,3.6,4.6,5.5,3.7,4.6,5.6,3.7,4.7,5.6,3.8,4.7,5.6,3.8,4.7,5.6,3.9,4.7,5.6,3.9,4.7,5.6,3.9,4.7,5.5,4,4.7,5.5,4,4.7,5.4,4.1,4.7,5.4,4.1,4.7,5.3,4.1,4.7,5.3,4.2,4.7,5.2,4.2,4.7,5.2,4.3,4.7,5.2,4.3,4.7,5.1,4.3,4.7,5.1,4.3,4.7,5.1,4.4,4.7,5,4.4,4.7,5,4.4,4.7,4.9,4.5,4.7,4.9,4.5,4.7,4.9,4.5
52,Djibouti,8.1,8.6,7.6,8.1,8.6,7.6,8.1,8.6,7.6,8.1,8.6,7.5,8.1,8.6,7.5,8.1,8.6,7.5,8,8.6,7.5,8,8.5,7.5,8,8.5,7.5,7.9,8.4,7.4,7.9,8.4,7.4,7.8,8.3,7.4,7.8,8.3,7.3,7.7,8.2,7.3,7.7,8.1,7.3,7.6,8.1,7.2,7.6,8,7.2,7.5,7.9,7.1,7.4,7.8,7.1,7.3,7.7,7,7.2,7.5,6.9,7.1,7.4,6.8,6.9,7.2,6.7,6.8,7,6.6,6.6,6.9,6.4,6.5,6.7,6.3,6.4,6.5,6.2,6.3,6.4,6.1,6.2,6.3,6.1,6.1,6.2,6,6,6.1,6,5.9,6,5.9,5.9,5.9,5.8,5.8,5.8,5.8,5.7,5.7,5.7
53,Dominica,11.1,8.5,13.6,10.9,8.3,13.3,10.7,8.2,13,10.5,8,12.8,10.3,7.9,12.5,10.1,7.8,12.3,9.9,7.6,12,9.7,7.5,11.7,9.5,7.4,11.5,9.3,7.2,11.2,9.1,7.1,11,8.9,7,10.8,8.8,6.8,10.6,8.6,6.7,10.4,8.4,6.6,10.2,8.3,6.5,10,8.1,6.4,9.8,8,6.2,9.6,7.8,6.1,9.4,7.6,6,9.2,7.5,5.9,9,7.3,5.7,8.8,7.2,5.6,8.7,7,5.5,8.5,6.9,5.4,8.3,6.7,5.2,8.1,6.5,5.1,7.9,6.3,4.9,7.6,6.1,4.8,7.4,5.9,4.6,7.2,5.7,4.4,6.9,5.6,4.3,6.7,5.4,4.2,6.6,5.3,4.1,6.4,5.2,4,6.3
54,Dominican Republic,10.1,8.6,11.4,9.9,8.5,11.2,9.7,8.4,11,9.6,8.3,10.8,9.4,8.2,10.6,9.3,8.1,10.4,9.1,8,10.1,8.9,7.9,9.9,8.7,7.8,9.7,8.5,7.6,9.4,8.3,7.5,9.2,8.1,7.3,9,7.9,7.1,8.7,7.7,6.9,8.4,7.4,6.7,8.2,7.2,6.4,7.9,6.9,6.2,7.6,6.6,6,7.3,6.4,5.7,7.1,6.2,5.5,6.8,6,5.3,6.6,5.8,5.1,6.4,5.6,5,6.2,5.5,4.8,6.1,5.3,4.7,5.9,5.2,4.6,5.8,5.1,4.5,5.7,5,4.4,5.6,4.8,4.3,5.4,4.7,4.2,5.3,4.6,4,5.2,4.5,3.9,5,4.3,3.8,4.9,4.2,3.7,4.8,4.1,3.5,4.6
55,Ecuador,8,7.5,8.5,7.8,7.3,8.3,7.6,7.1,8.1,7.5,7,8,7.3,6.8,7.8,7.2,6.7,7.7,7.1,6.5,7.6,7,6.4,7.5,6.8,6.3,7.4,6.7,6.2,7.3,6.6,6.1,7.2,6.5,6,7.1,6.4,5.9,7,6.4,5.8,6.9,6.3,5.7,6.8,6.1,5.6,6.7,6,5.5,6.5,5.9,5.4,6.4,5.8,5.3,6.3,5.7,5.2,6.2,5.6,5,6,5.4,4.9,5.9,5.3,4.8,5.8,5.2,4.7,5.7,5.1,4.6,5.5,5,4.5,5.4,4.8,4.4,5.3,4.7,4.3,5.2,4.6,4.2,5,4.5,4.1,4.9,4.4,4,4.8,4.3,3.9,4.7,4.3,3.8,4.7,4.2,3.8,4.6,4.1,3.7,4.5
56,Egypt,17.9,16,19.8,17.4,15.5,19.3,16.9,15.1,18.7,16.5,14.6,18.2,16,14.2,17.6,15.5,13.8,17.1,15,13.4,16.6,14.6,13,16.1,14.2,12.7,15.7,13.8,12.3,15.3,13.5,12,14.8,13.1,11.7,14.4,12.8,11.4,14,12.4,11.1,13.7,12.1,10.8,13.3,11.8,10.5,12.9,11.4,10.3,12.5,11.1,10,12.2,10.8,9.8,11.8,10.6,9.5,11.5,10.3,9.3,11.2,10.1,9.1,10.9,9.8,8.8,10.7,9.6,8.6,10.4,9.3,8.4,10.2,9.1,8.2,9.9,8.9,8,9.7,8.7,7.8,9.4,8.4,7.6,9.2,8.2,7.4,9,8,7.2,8.8,7.8,7,8.6,7.6,6.8,8.4,7.5,6.6,8.2,7.3,6.5,8
57,El Salvador,10.1,9.3,10.7,9.9,9.2,10.5,9.8,9.1,10.3,9.7,9,10.2,9.6,8.9,10,9.4,8.9,9.9,9.3,8.8,9.8,9.2,8.7,9.7,9.1,8.6,9.5,9,8.5,9.4,8.9,8.4,9.3,8.8,8.3,9.1,8.6,8.2,9,8.5,8,8.8,8.3,7.9,8.7,8.1,7.7,8.5,7.9,7.5,8.3,7.7,7.3,8,7.5,7.1,7.8,7.3,6.9,7.6,7.1,6.8,7.4,7,6.6,7.3,6.8,6.5,7.1,6.6,6.3,6.9,6.5,6.2,6.7,6.3,6,6.6,6.2,5.9,6.4,6,5.7,6.3,5.9,5.6,6.1,5.7,5.5,6,5.6,5.4,5.9,5.5,5.2,5.7,5.4,5.1,5.6,5.3,5,5.6,5.2,4.9,5.5
58,Equatorial Guinea,9.4,9.5,9.2,9.1,9.2,9,8.9,9,8.8,8.7,8.7,8.5,8.4,8.5,8.3,8.2,8.2,8.1,7.9,8,7.9,7.7,7.7,7.7,7.4,7.4,7.4,7.1,7.1,7.2,6.8,6.8,6.9,6.5,6.4,6.6,6.2,6.1,6.3,5.9,5.8,6.1,5.7,5.5,5.8,5.4,5.3,5.5,5.1,5,5.3,4.9,4.7,5,4.6,4.5,4.8,4.4,4.3,4.6,4.3,4.1,4.4,4.1,4,4.2,4,3.8,4.1,3.8,3.7,3.9,3.7,3.5,3.8,3.5,3.4,3.7,3.4,3.3,3.6,3.3,3.2,3.5,3.2,3,3.3,3.1,2.9,3.3,3,2.9,3.2,2.9,2.8,3.1,2.9,2.7,3,2.8,2.6,3,2.7,2.6,2.9
59,Eritrea,5.5,6,5,5.3,5.8,4.9,5.2,5.7,4.8,5.1,5.6,4.7,5,5.4,4.6,4.9,5.3,4.5,4.8,5.2,4.4,4.7,5.1,4.3,4.6,5,4.3,4.5,4.9,4.2,4.4,4.8,4.1,4.3,4.7,4,4.2,4.6,4,4.1,4.4,3.9,4,4.3,3.8,3.9,4.2,3.7,3.8,4.1,3.6,3.7,3.9,3.5,3.6,3.8,3.4,3.5,3.6,3.3,3.4,3.5,3.2,3.2,3.4,3.1,3.1,3.2,3,3,3.1,3,2.9,3,2.9,2.8,2.8,2.8,2.7,2.7,2.7,2.7,2.6,2.7,2.6,2.5,2.6,2.5,2.4,2.5,2.5,2.4,2.5,2.4,2.3,2.5,2.4,2.2,2.4,2.3,2.2,2.4,2.3,2.1,2.4
60,Estonia,7.1,7.7,6.5,7,7.6,6.5,7,7.5,6.5,6.9,7.4,6.5,6.9,7.4,6.4,6.8,7.3,6.4,6.8,7.2,6.4,6.8,7.2,6.4,6.7,7.1,6.4,6.6,7,6.4,6.6,6.9,6.4,6.6,6.8,6.4,6.5,6.7,6.3,6.5,6.6,6.3,6.4,6.5,6.3,6.4,6.5,6.3,6.4,6.5,6.3,6.4,6.4,6.3,6.4,6.4,6.3,6.4,6.4,6.4,6.4,6.4,6.4,6.4,6.3,6.4,6.4,6.3,6.4,6.4,6.3,6.4,6.4,6.2,6.4,6.3,6.2,6.4,6.3,6.2,6.4,6.3,6.1,6.4,6.3,6.1,6.4,6.3,6.1,6.4,6.3,6,6.4,6.3,6,6.4,6.3,6,6.5,6.3,5.9,6.5,6.3,5.9,6.5
61,Eswatini,9.7,7.9,11.3,9.5,7.7,11,9.3,7.4,10.8,9.1,7.3,10.6,8.9,7.1,10.4,8.7,6.9,10.1,8.5,6.7,9.9,8.3,6.5,9.7,8.1,6.4,9.6,8,6.2,9.4,7.8,6,9.3,7.6,5.9,9.1,7.5,5.7,8.9,7.3,5.6,8.7,7.1,5.4,8.6,6.9,5.2,8.4,6.7,5.1,8.2,6.6,4.9,8,6.4,4.7,7.8,6.2,4.6,7.6,6,4.4,7.4,5.9,4.3,7.2,5.8,4.2,7,5.6,4,6.9,5.5,3.9,6.7,5.3,3.8,6.5,5.2,3.6,6.4,5,3.5,6.2,4.9,3.4,6,4.7,3.3,5.9,4.6,3.1,5.7,4.4,3,5.5,4.3,2.9,5.4,4.2,2.8,5.3,4.1,2.7,5.1
62,Ethiopia,5.4,5.8,5,5.3,5.7,4.9,5.2,5.5,4.8,5,5.4,4.7,4.9,5.3,4.6,4.8,5.2,4.5,4.7,5.1,4.4,4.6,5,4.3,4.5,4.8,4.3,4.4,4.7,4.2,4.4,4.6,4.1,4.3,4.5,4,4.2,4.4,3.9,4.1,4.3,3.9,4,4.2,3.8,3.9,4.1,3.7,3.8,4,3.6,3.7,3.9,3.5,3.6,3.7,3.5,3.5,3.6,3.4,3.4,3.5,3.3,3.3,3.4,3.2,3.2,3.3,3.1,3.1,3.1,3.1,3,3,3,2.9,2.9,2.9,2.8,2.8,2.9,2.7,2.7,2.8,2.7,2.6,2.7,2.6,2.5,2.7,2.5,2.4,2.6,2.5,2.4,2.6,2.4,2.3,2.5,2.4,2.2,2.5,2.3,2.2,2.5
63,Fiji,17.4,15.9,18.9,17,15.6,18.5,16.7,15.2,18.1,16.3,14.8,17.8,15.9,14.5,17.4,15.6,14.1,17.1,15.2,13.8,16.7,14.9,13.4,16.4,14.5,13,16,14.2,12.7,15.7,13.8,12.3,15.3,13.5,11.9,15,13.1,11.6,14.6,12.8,11.3,14.3,12.5,11,14,12.3,10.7,13.7,12,10.5,13.4,11.7,10.3,13.2,11.5,10.1,12.9,11.2,9.8,12.6,11,9.6,12.4,10.8,9.4,12.1,10.6,9.3,11.9,10.4,9.1,11.7,10.3,9,11.5,10.1,8.9,11.4,10,8.8,11.2,9.9,8.7,11.1,9.8,8.6,11,9.7,8.5,10.9,9.6,8.5,10.8,9.6,8.5,10.7,9.5,8.4,10.7,9.5,8.4,10.6,9.4,8.3,10.5
64,Finland,5.3,6.4,4.3,5.4,6.4,4.3,5.4,6.4,4.3,5.4,6.5,4.4,5.4,6.5,4.4,5.4,6.5,4.4,5.5,6.6,4.4,5.5,6.6,4.4,5.5,6.6,4.5,5.5,6.6,4.5,5.6,6.7,4.5,5.6,6.7,4.5,5.6,6.7,4.5,5.6,6.7,4.5,5.6,6.7,4.6,5.6,6.7,4.6,5.6,6.7,4.6,5.6,6.6,4.6,5.6,6.6,4.6,5.5,6.6,4.6,5.5,6.6,4.6,5.5,6.5,4.6,5.5,6.5,4.6,5.5,6.4,4.6,5.4,6.4,4.6,5.4,6.3,4.6,5.3,6.2,4.5,5.2,6.1,4.5,5.2,6,4.4,5.1,6,4.4,5.1,5.9,4.4,5,5.8,4.4,5,5.8,4.3,5,5.7,4.3,4.9,5.7,4.3
65,France,5.9,7.5,4.4,5.9,7.4,4.4,5.8,7.4,4.4,5.8,7.3,4.4,5.8,7.3,4.4,5.8,7.2,4.4,5.7,7.2,4.4,5.7,7.1,4.4,5.7,7.1,4.4,5.7,7,4.4,5.6,6.9,4.4,5.6,6.9,4.4,5.6,6.8,4.5,5.5,6.7,4.5,5.5,6.6,4.5,5.4,6.5,4.5,5.4,6.4,4.5,5.4,6.3,4.5,5.3,6.3,4.5,5.3,6.2,4.5,5.3,6.1,4.5,5.2,6,4.5,5.2,6,4.5,5.2,5.9,4.5,5.1,5.8,4.5,5.1,5.7,4.5,5.1,5.7,4.5,5,5.6,4.5,5,5.5,4.5,5,5.5,4.6,5,5.4,4.6,5,5.4,4.6,5,5.3,4.6,4.9,5.2,4.7,4.9,5.2,4.7
66,Gabon,10,10,10,9.8,9.8,9.8,9.6,9.7,9.6,9.5,9.5,9.4,9.3,9.4,9.2,9.2,9.3,9.1,9,9.1,8.9,8.8,9,8.7,8.7,8.8,8.5,8.5,8.6,8.3,8.3,8.5,8.2,8.1,8.3,8,7.9,8.1,7.8,7.7,7.9,7.6,7.5,7.7,7.4,7.3,7.5,7.2,7.1,7.3,6.9,6.9,7.1,6.7,6.7,6.8,6.5,6.4,6.6,6.3,6.2,6.4,6.1,6,6.2,5.9,5.8,6,5.7,5.7,5.8,5.5,5.5,5.6,5.4,5.3,5.4,5.2,5.1,5.2,5.1,5,5,4.9,4.8,4.8,4.8,4.7,4.7,4.6,4.5,4.5,4.5,4.3,4.3,4.4,4.1,4.1,4.2,4,3.8,4.1,3.8,3.6,3.9
67,Gambia,8.7,9.4,7.9,8.4,9.2,7.7,8.2,8.9,7.6,8,8.7,7.4,7.8,8.4,7.2,7.6,8.1,7,7.4,7.9,6.9,7.2,7.7,6.7,7,7.4,6.5,6.8,7.2,6.4,6.6,7,6.3,6.4,6.8,6.1,6.3,6.5,5.9,6.1,6.3,5.8,5.9,6.1,5.6,5.7,5.9,5.5,5.5,5.7,5.3,5.3,5.5,5.1,5.2,5.3,5,5,5.1,4.8,4.8,5,4.7,4.7,4.8,4.6,4.5,4.6,4.4,4.4,4.5,4.3,4.2,4.3,4.1,4.1,4.2,4,4,4,3.9,3.8,3.9,3.8,3.7,3.8,3.7,3.6,3.7,3.6,3.5,3.6,3.5,3.4,3.5,3.4,3.4,3.4,3.3,3.3,3.4,3.2,3.2,3.3,3.2
68,Georgia,12.6,13.3,12.1,12.2,12.8,11.7,11.8,12.3,11.3,11.4,11.8,11,11,11.4,10.6,10.6,11,10.3,10.2,10.5,10,9.9,10.1,9.6,9.5,9.7,9.3,9.2,9.3,9.1,8.9,9,8.8,8.6,8.7,8.5,8.3,8.4,8.3,8.1,8.1,8,7.8,7.9,7.8,7.6,7.6,7.6,7.5,7.5,7.4,7.3,7.3,7.3,7.2,7.2,7.1,7.1,7.1,7,7,7,7,7,7,6.9,6.9,6.9,6.9,6.9,6.8,6.8,6.7,6.7,6.7,6.6,6.6,6.6,6.5,6.5,6.5,6.4,6.3,6.4,6.2,6.2,6.2,6.1,6.1,6.1,6,6,6,5.9,5.8,5.9,5.8,5.7,5.8,5.7,5.6,5.7,5.6,5.5,5.6
69,Germany,5,6,3.9,4.9,6,3.9,4.9,5.9,3.9,4.9,5.9,3.9,4.9,5.9,3.9,4.9,5.9,4,4.9,5.9,4,4.9,5.9,4,4.9,5.9,4,4.9,5.8,4,4.9,5.8,4,4.9,5.8,4,4.9,5.8,4.1,4.9,5.8,4.1,4.9,5.7,4.1,4.9,5.7,4.1,4.8,5.7,4.1,4.8,5.6,4.1,4.8,5.6,4.1,4.8,5.5,4.1,4.8,5.5,4.1,4.7,5.5,4.1,4.7,5.4,4.1,4.7,5.4,4.1,4.7,5.3,4.1,4.6,5.3,4.1,4.6,5.3,4.1,4.6,5.2,4.1,4.6,5.2,4.1,4.6,5.1,4.1,4.6,5.1,4.1,4.6,5.1,4.1,4.6,5,4.1,4.6,5,4.2,4.6,5,4.2
70,Ghana,6.5,6.4,6.6,6.4,6.3,6.5,6.3,6.3,6.4,6.2,6.2,6.2,6.1,6.1,6.1,6,6.1,6,6,6,5.9,5.9,5.9,5.8,5.8,5.8,5.7,5.7,5.7,5.6,5.6,5.6,5.5,5.4,5.5,5.4,5.3,5.4,5.2,5.2,5.3,5.1,5.1,5.2,5,5,5.1,4.9,4.9,5,4.8,4.8,4.9,4.7,4.6,4.7,4.5,4.5,4.6,4.4,4.4,4.5,4.3,4.3,4.3,4.2,4.1,4.2,4.1,4,4.1,3.9,3.9,3.9,3.8,3.8,3.8,3.7,3.7,3.7,3.6,3.6,3.6,3.5,3.5,3.5,3.4,3.4,3.4,3.4,3.3,3.3,3.3,3.2,3.2,3.2,3.2,3.2,3.2,3.1,3.1,3.1,3,3,3
71,Greece,6.6,7.2,6,6.6,7.2,6,6.6,7.1,6,6.5,7.1,6,6.5,7,6,6.5,7,6,6.4,6.9,5.9,6.4,6.9,5.9,6.4,6.8,5.9,6.3,6.8,5.9,6.3,6.7,5.9,6.3,6.7,5.9,6.3,6.6,5.9,6.2,6.5,5.9,6.2,6.4,5.9,6.1,6.4,5.9,6.1,6.3,5.9,6.1,6.2,5.9,6,6.1,5.9,6,6.1,5.9,5.9,6,5.9,5.9,5.9,5.9,5.9,5.8,5.9,5.8,5.8,5.9,5.8,5.7,5.9,5.8,5.6,5.9,5.7,5.5,5.9,5.7,5.4,5.9,5.7,5.3,5.9,5.6,5.3,5.9,5.6,5.2,5.9,5.6,5.1,6,5.5,5,6,5.5,4.9,6,5.5,4.9,6
72,Grenada,11.1,8.8,13.3,10.8,8.6,12.9,10.5,8.4,12.5,10.3,8.2,12.2,10,8,11.9,9.7,7.8,11.6,9.5,7.6,11.2,9.2,7.4,10.9,9,7.2,10.6,8.7,7,10.3,8.5,6.8,10,8.2,6.6,9.7,8,6.4,9.4,7.8,6.2,9.1,7.5,6.1,8.8,7.3,5.9,8.6,7.1,5.7,8.3,6.9,5.6,8.1,6.7,5.4,7.8,6.5,5.2,7.6,6.3,5.1,7.4,6.1,4.9,7.2,5.9,4.8,6.9,5.8,4.6,6.7,5.6,4.4,6.5,5.4,4.3,6.4,5.3,4.2,6.2,5.1,4,6,5,3.9,5.9,4.9,3.8,5.7,4.8,3.7,5.6,4.7,3.6,5.5,4.6,3.5,5.4,4.5,3.5,5.3,4.4,3.4,5.1
73,Guatemala,9.7,8.9,10.4,9.5,8.8,10.2,9.4,8.7,10,9.2,8.5,9.8,9.1,8.4,9.6,8.9,8.3,9.4,8.8,8.2,9.3,8.6,8,9.1,8.4,7.9,8.9,8.3,7.7,8.8,8.1,7.5,8.6,7.9,7.4,8.4,7.7,7.2,8.2,7.6,7,8,7.4,6.9,7.8,7.2,6.7,7.7,7,6.5,7.5,6.8,6.3,7.3,6.7,6.2,7.1,6.5,6,6.9,6.3,5.9,6.7,6.2,5.7,6.6,6,5.6,6.4,5.9,5.5,6.3,5.8,5.4,6.1,5.6,5.3,6,5.5,5.1,5.9,5.4,5,5.7,5.3,4.9,5.6,5.2,4.8,5.5,5.1,4.7,5.4,5,4.6,5.3,4.9,4.5,5.2,4.8,4.4,5.1,4.7,4.4,5
74,Guinea,6.4,6.8,6.1,6.2,6.6,5.9,6.1,6.4,5.8,6,6.3,5.6,5.8,6.1,5.5,5.7,6,5.4,5.5,5.8,5.3,5.4,5.7,5.1,5.3,5.5,5,5.2,5.4,4.9,5,5.3,4.8,4.9,5.1,4.7,4.8,5,4.6,4.6,4.8,4.4,4.5,4.6,4.3,4.3,4.5,4.2,4.2,4.3,4.1,4.1,4.2,4,3.9,4,3.9,3.8,3.9,3.8,3.7,3.8,3.7,3.6,3.6,3.6,3.5,3.5,3.5,3.4,3.4,3.4,3.3,3.3,3.3,3.2,3.2,3.2,3.1,3.1,3.1,3,3,3,2.9,2.9,2.9,2.8,2.8,2.9,2.7,2.7,2.8,2.7,2.6,2.7,2.6,2.5,2.6,2.5,2.5,2.6,2.4,2.4,2.5
75,Guinea-Bissau,7.1,7.4,6.8,7,7.2,6.7,6.8,7.1,6.6,6.7,7,6.5,6.6,6.8,6.3,6.4,6.7,6.2,6.3,6.5,6.1,6.2,6.4,5.9,6,6.2,5.8,5.9,6,5.7,5.7,5.9,5.5,5.5,5.7,5.4,5.4,5.5,5.2,5.2,5.3,5.1,5,5.1,4.9,4.9,5,4.8,4.7,4.8,4.7,4.6,4.6,4.5,4.4,4.5,4.4,4.3,4.3,4.2,4.1,4.1,4.1,4,4,4,3.9,3.9,3.9,3.7,3.7,3.7,3.6,3.6,3.6,3.5,3.5,3.5,3.4,3.4,3.4,3.3,3.2,3.3,3.2,3.1,3.2,3.1,3,3.1,3,3,3,2.9,2.9,3,2.8,2.8,2.9,2.8,2.7,2.8,2.7,2.6,2.8
76,Guyana,10.9,9.1,12.6,10.6,8.8,12.2,10.3,8.5,11.8,10,8.3,11.5,9.7,8.1,11.2,9.5,7.9,10.8,9.2,7.7,10.5,8.9,7.5,10.2,8.7,7.3,9.9,8.5,7.1,9.7,8.2,7,9.4,8,6.8,9.1,7.7,6.6,8.8,7.5,6.4,8.6,7.3,6.2,8.3,7,6,8,6.8,5.8,7.8,6.5,5.6,7.5,6.3,5.4,7.3,6.1,5.2,7.1,6,5.1,6.9,5.8,4.9,6.7,5.7,4.8,6.5,5.5,4.7,6.3,5.4,4.6,6.2,5.3,4.5,6,5.2,4.4,5.9,5.1,4.3,5.8,4.9,4.2,5.7,4.8,4.1,5.5,4.7,4,5.4,4.6,3.9,5.3,4.5,3.8,5.2,4.4,3.7,5.1,4.3,3.6,5
77,Haiti,8.7,8.6,8.8,8.5,8.4,8.5,8.2,8.2,8.3,8,8,8.1,7.8,7.8,7.8,7.6,7.6,7.6,7.4,7.4,7.4,7.2,7.2,7.2,7,7,6.9,6.8,6.8,6.7,6.6,6.6,6.5,6.3,6.4,6.3,6.1,6.2,6.1,5.9,6,5.9,5.7,5.7,5.7,5.5,5.6,5.5,5.3,5.4,5.3,5.1,5.2,5.1,4.9,5,4.9,4.8,4.8,4.7,4.6,4.6,4.6,4.4,4.5,4.4,4.3,4.3,4.3,4.1,4.1,4.1,4,4,4,3.8,3.8,3.8,3.7,3.7,3.7,3.6,3.5,3.6,3.4,3.4,3.5,3.3,3.3,3.4,3.2,3.2,3.3,3.1,3.1,3.2,3,3,3.1,3,2.9,3,2.9,2.8,3
78,Honduras,9.3,8.5,10,9,8.3,9.7,8.8,8.1,9.4,8.6,8,9.2,8.4,7.8,9,8.2,7.6,8.7,8,7.5,8.5,7.8,7.3,8.3,7.6,7.1,8,7.4,7,7.8,7.2,6.8,7.6,7,6.6,7.4,6.8,6.4,7.2,6.6,6.3,7,6.5,6.1,6.8,6.3,6,6.6,6.1,5.8,6.4,6,5.7,6.2,5.8,5.6,6.1,5.7,5.4,5.9,5.5,5.3,5.8,5.4,5.2,5.6,5.3,5,5.5,5.1,4.9,5.3,5,4.8,5.1,4.8,4.7,5,4.7,4.5,4.8,4.6,4.4,4.7,4.4,4.3,4.6,4.3,4.2,4.4,4.2,4.1,4.3,4.1,4,4.2,4,3.9,4.1,3.9,3.8,4,3.8,3.7,3.9
79,Hungary,7.7,8.9,6.7,7.6,8.8,6.6,7.5,8.7,6.6,7.5,8.5,6.5,7.4,8.4,6.4,7.3,8.3,6.4,7.2,8.2,6.3,7.1,8.1,6.3,7,7.9,6.2,6.9,7.8,6.2,6.8,7.7,6.1,6.7,7.6,6.1,6.7,7.4,6,6.6,7.3,6,6.5,7.2,5.9,6.5,7.1,5.9,6.4,7.1,5.9,6.4,7,5.9,6.4,6.9,5.9,6.3,6.9,5.9,6.3,6.8,5.9,6.3,6.7,5.9,6.2,6.6,5.9,6.2,6.6,5.9,6.2,6.5,5.9,6.1,6.4,5.9,6.1,6.2,5.9,6,6.1,5.9,6,6,5.9,5.9,5.9,5.9,5.9,5.8,5.9,5.9,5.8,6,5.8,5.7,6,5.8,5.6,6,5.8,5.5,6
80,Iceland,5.9,7.6,4.2,5.9,7.6,4.2,6,7.7,4.2,6,7.7,4.3,6,7.7,4.3,6.1,7.8,4.4,6.1,7.8,4.4,6.2,7.9,4.5,6.2,7.9,4.5,6.3,7.9,4.6,6.3,7.9,4.7,6.3,7.9,4.7,6.3,7.9,4.8,6.4,7.9,4.8,6.4,8,4.8,6.4,7.9,4.9,6.4,8,4.9,6.4,8,4.9,6.5,8,5,6.5,8,5,6.6,8.1,5,6.6,8.2,5.1,6.7,8.2,5.1,6.7,8.3,5.2,6.8,8.4,5.2,6.8,8.4,5.3,6.9,8.4,5.3,6.8,8.4,5.3,6.8,8.3,5.3,6.7,8.2,5.3,6.6,8,5.3,6.6,7.9,5.3,6.5,7.7,5.2,6.4,7.5,5.2,6.3,7.4,5.2
81,India,8.7,9.1,8.3,8.6,9,8.3,8.6,8.9,8.2,8.5,8.8,8.2,8.4,8.7,8.1,8.4,8.6,8.1,8.3,8.6,8,8.2,8.4,8,8.1,8.3,7.9,8,8.2,7.8,7.9,8,7.7,7.8,7.9,7.6,7.6,7.7,7.5,7.5,7.5,7.4,7.3,7.3,7.3,7.2,7.1,7.2,7,6.9,7.1,6.8,6.7,7,6.7,6.5,6.8,6.5,6.3,6.7,6.3,6.1,6.5,6.2,6,6.4,6,5.8,6.3,5.8,5.6,6.1,5.7,5.4,6,5.5,5.2,5.8,5.3,5,5.7,5.2,4.8,5.5,5,4.7,5.4,4.9,4.5,5.2,4.7,4.3,5.1,4.5,4.1,5,4.4,4,4.8,4.3,3.8,4.7,4.1,3.7,4.6
82,Indonesia,7.7,7.4,8,7.6,7.3,7.9,7.6,7.2,7.9,7.5,7.1,7.8,7.4,7,7.7,7.3,6.9,7.7,7.2,6.8,7.6,7.1,6.7,7.5,7.1,6.6,7.5,7,6.5,7.4,6.9,6.4,7.3,6.8,6.3,7.2,6.6,6.1,7.1,6.5,6,7,6.4,5.8,6.9,6.2,5.7,6.7,6.1,5.5,6.6,5.9,5.4,6.5,5.8,5.2,6.3,5.6,5,6.2,5.5,4.9,6,5.3,4.7,5.8,5.2,4.6,5.7,5,4.4,5.5,4.9,4.3,5.4,4.7,4.2,5.2,4.6,4,5.1,4.5,3.9,5,4.3,3.8,4.8,4.2,3.7,4.7,4.1,3.6,4.6,4,3.5,4.5,3.9,3.4,4.3,3.8,3.3,4.2,3.7,3.2,4.1
83,Iran (Islamic Republic of),12.1,11.4,12.9,11.8,11.1,12.5,11.5,10.8,12.2,11.2,10.5,11.8,10.8,10.2,11.5,10.5,9.9,11.2,10.2,9.6,10.9,9.9,9.3,10.5,9.6,9,10.2,9.3,8.7,9.9,9,8.4,9.6,8.7,8.1,9.3,8.4,7.8,9,8.1,7.6,8.7,7.9,7.4,8.5,7.7,7.2,8.3,7.5,7,8.1,7.3,6.8,7.9,7.2,6.7,7.7,7,6.5,7.5,6.8,6.4,7.3,6.7,6.2,7.2,6.5,6.1,7,6.4,5.9,6.9,6.3,5.8,6.8,6.2,5.7,6.6,6.1,5.6,6.6,6,5.5,6.5,5.9,5.5,6.4,5.9,5.4,6.4,5.8,5.3,6.3,5.7,5.3,6.2,5.7,5.2,6.1,5.6,5.1,6.1,5.5,5,6
84,Iraq,17.4,17.2,17.5,16.9,16.7,17,16.4,16.2,16.6,15.9,15.7,16.1,15.5,15.2,15.7,15.1,14.8,15.3,14.6,14.3,14.9,14.2,13.9,14.5,13.9,13.5,14.2,13.5,13.1,13.8,13.2,12.8,13.5,12.8,12.4,13.2,12.6,12.2,13,12.3,11.8,12.7,12,11.5,12.4,11.7,11.2,12.1,11.4,10.9,11.8,11.1,10.6,11.6,10.9,10.4,11.4,10.7,10.2,11.2,10.6,10,11.1,10.4,9.8,10.9,10.2,9.6,10.8,10.1,9.5,10.6,10,9.4,10.5,9.8,9.1,10.3,9.6,8.9,10.1,9.4,8.7,9.9,9.2,8.6,9.8,9,8.4,9.6,8.8,8.2,9.4,8.6,8,9.2,8.5,7.9,9,8.3,7.7,8.9,8.1,7.5,8.7
85,Ireland,6.2,7.3,5.1,6.2,7.3,5.1,6.1,7.2,5.1,6.1,7.2,5,6.1,7.1,5,6,7.1,5,6,7.1,4.9,6,7,4.9,5.9,7,4.8,5.8,6.9,4.8,5.8,6.8,4.8,5.7,6.7,4.7,5.6,6.6,4.7,5.6,6.5,4.6,5.5,6.3,4.6,5.4,6.2,4.5,5.3,6.1,4.5,5.2,5.9,4.4,5.1,5.8,4.3,5,5.7,4.3,4.9,5.6,4.2,4.8,5.5,4.1,4.7,5.4,4.1,4.6,5.3,4,4.6,5.2,3.9,4.5,5.1,3.9,4.4,5,3.8,4.3,4.9,3.7,4.2,4.8,3.7,4.1,4.7,3.6,4.1,4.6,3.5,4,4.5,3.5,3.9,4.4,3.4,3.8,4.3,3.4,3.8,4.3,3.3
86,Israel,6.4,7.1,5.8,6.4,7,5.8,6.4,7,5.7,6.3,7,5.8,6.3,6.9,5.8,6.3,6.9,5.8,6.3,6.9,5.8,6.3,6.8,5.8,6.3,6.8,5.8,6.3,6.8,5.9,6.4,6.8,5.9,6.4,6.8,6,6.4,6.8,6,6.4,6.8,6.1,6.4,6.8,6.1,6.4,6.7,6.1,6.4,6.7,6.1,6.4,6.7,6.1,6.4,6.6,6.1,6.3,6.6,6.1,6.3,6.5,6.1,6.3,6.4,6.1,6.2,6.4,6.1,6.2,6.3,6.1,6.2,6.3,6.1,6.1,6.2,6.1,6.1,6.1,6,6,6.1,6,6,6,6,5.9,5.9,5.9,5.9,5.8,5.9,5.8,5.7,5.9,5.8,5.7,5.9,5.7,5.6,5.8,5.6,5.5,5.8
87,Italy,5.8,7.1,4.6,5.8,7,4.6,5.7,6.9,4.6,5.7,6.8,4.6,5.7,6.7,4.6,5.6,6.7,4.6,5.6,6.6,4.6,5.6,6.5,4.7,5.5,6.5,4.7,5.5,6.4,4.7,5.5,6.3,4.7,5.5,6.2,4.7,5.4,6.1,4.7,5.4,6,4.7,5.3,6,4.7,5.3,5.9,4.7,5.3,5.8,4.8,5.2,5.7,4.8,5.2,5.6,4.8,5.1,5.5,4.8,5.1,5.4,4.8,5.1,5.4,4.8,5,5.3,4.8,5,5.2,4.8,5,5.2,4.8,5,5.1,4.8,4.9,5,4.9,4.9,5,4.9,4.9,4.9,4.9,4.9,4.8,4.9,4.9,4.8,4.9,4.8,4.7,4.9,4.8,4.7,4.9,4.8,4.6,4.9,4.8,4.5,4.9
88,Jamaica,11.9,9.3,14.4,11.6,9,14,11.3,8.8,13.6,11,8.6,13.2,10.7,8.3,12.9,10.4,8.1,12.5,10.1,7.9,12.2,9.8,7.7,11.8,9.6,7.5,11.5,9.3,7.3,11.2,9,7.2,10.9,8.8,7,10.6,8.6,6.8,10.3,8.3,6.6,10,8.1,6.4,9.7,7.9,6.3,9.4,7.6,6.1,9.1,7.4,5.9,8.8,7.2,5.7,8.6,7,5.5,8.3,6.7,5.4,8,6.5,5.2,7.8,6.3,5,7.5,6.1,4.9,7.3,6,4.7,7.1,5.8,4.6,6.9,5.6,4.5,6.7,5.5,4.4,6.5,5.4,4.3,6.4,5.3,4.2,6.3,5.2,4.1,6.1,5.1,4.1,6,5,4,5.9,4.9,4,5.8,4.8,3.9,5.7
89,Japan,6.7,8.4,5,6.7,8.3,5.1,6.7,8.3,5.1,6.7,8.3,5.2,6.7,8.2,5.3,6.7,8.2,5.3,6.7,8.1,5.4,6.7,8,5.4,6.7,8,5.5,6.7,7.9,5.5,6.6,7.8,5.5,6.6,7.7,5.5,6.5,7.5,5.6,6.5,7.4,5.6,6.4,7.3,5.6,6.4,7.3,5.6,6.4,7.2,5.6,6.3,7.1,5.6,6.3,7,5.6,6.2,6.9,5.6,6.1,6.8,5.6,6.1,6.7,5.5,6,6.6,5.5,6,6.5,5.5,5.9,6.4,5.4,5.8,6.3,5.4,5.8,6.2,5.4,5.7,6.1,5.4,5.7,6,5.3,5.6,5.9,5.3,5.6,5.9,5.3,5.6,5.8,5.3,5.5,5.8,5.3,5.5,5.7,5.3,5.5,5.7,5.3
90,Jordan,16.8,16.5,17.2,16.5,16.2,16.9,16.3,15.8,16.7,16,15.5,16.5,15.7,15.1,16.2,15.4,14.8,16,15.1,14.4,15.8,14.8,14.1,15.5,14.6,13.8,15.3,14.3,13.5,15.1,14.1,13.2,14.9,13.8,12.9,14.7,13.5,12.6,14.5,13.3,12.3,14.3,13,12,14,12.7,11.7,13.8,12.4,11.4,13.5,12.1,11.1,13.3,11.9,10.8,13,11.6,10.6,12.8,11.4,10.3,12.5,11.2,10.1,12.3,10.9,9.8,12.1,10.7,9.6,11.9,10.5,9.4,11.6,10.3,9.2,11.4,10,8.9,11.2,9.8,8.7,10.9,9.5,8.4,10.7,9.2,8.1,10.4,9,7.9,10.1,8.7,7.6,9.9,8.5,7.4,9.6,8.3,7.2,9.4,8.1,7,9.2
91,Kazakhstan,11.8,12.4,11.4,11.6,12.1,11.2,11.3,11.8,11,11.1,11.5,10.8,10.9,11.3,10.6,10.7,11,10.4,10.5,10.8,10.2,10.3,10.5,10.1,10.1,10.3,9.9,9.9,10,9.7,9.7,9.8,9.5,9.5,9.6,9.4,9.3,9.3,9.2,9.1,9.1,9,8.9,8.9,8.8,8.7,8.8,8.7,8.6,8.6,8.5,8.4,8.4,8.4,8.3,8.3,8.2,8.1,8.2,8.1,8,8,8,7.9,7.9,7.8,7.8,7.8,7.7,7.6,7.6,7.6,7.5,7.5,7.5,7.3,7.3,7.3,7.2,7.2,7.2,7,7,7,6.9,6.9,6.9,6.8,6.7,6.8,6.6,6.6,6.6,6.5,6.5,6.5,6.4,6.4,6.4,6.3,6.2,6.3,6.2,6.1,6.2
92,Kenya,6,5.8,6.2,5.9,5.7,6,5.7,5.5,5.9,5.6,5.4,5.8,5.5,5.3,5.6,5.4,5.2,5.5,5.2,5,5.4,5.1,4.9,5.3,5,4.8,5.2,4.9,4.7,5,4.8,4.6,4.9,4.6,4.4,4.8,4.5,4.3,4.7,4.4,4.2,4.6,4.3,4.1,4.5,4.2,4,4.4,4.1,3.9,4.3,4,3.8,4.2,3.9,3.7,4.1,3.8,3.6,4,3.7,3.5,3.9,3.6,3.4,3.8,3.5,3.3,3.7,3.4,3.1,3.6,3.2,3,3.5,3.1,2.9,3.4,3,2.8,3.3,2.9,2.7,3.2,2.9,2.6,3.1,2.8,2.5,3,2.7,2.4,3,2.6,2.3,2.9,2.5,2.2,2.8,2.5,2.2,2.8,2.4,2.1,2.7
93,Kiribati,22.3,22,22.6,22,21.7,22.2,21.6,21.5,21.8,21.3,21.2,21.4,21,21,21,20.7,20.7,20.6,20.3,20.5,20.2,20,20.2,19.8,19.7,19.9,19.4,19.3,19.6,19,18.9,19.2,18.5,18.4,18.8,18,18,18.4,17.5,17.4,17.9,17,16.9,17.3,16.4,16.3,16.8,15.8,15.8,16.2,15.3,15.2,15.7,14.7,14.7,15.1,14.2,14.1,14.6,13.6,13.6,14.1,13.1,13.1,13.6,12.6,12.6,13,12.1,12.1,12.5,11.6,11.5,11.9,11.1,11,11.3,10.5,10.4,10.8,10,9.9,10.2,9.6,9.4,9.6,9.1,8.9,9.1,8.7,8.4,8.6,8.2,8,8.1,7.8,7.6,7.6,7.5,7.2,7.2,7.1,6.8,6.8,6.8
94,Kuwait,19.6,19.7,19.6,19.3,19.3,19.3,19,19,18.9,18.7,18.7,18.6,18.3,18.4,18.3,18,18.1,17.9,17.7,17.8,17.6,17.4,17.4,17.3,17,17.1,17,16.7,16.7,16.7,16.4,16.4,16.4,16.1,16.1,16.1,15.8,15.8,15.9,15.6,15.6,15.7,15.4,15.3,15.6,15.2,15.1,15.4,15,14.9,15.2,14.8,14.6,15,14.6,14.4,14.9,14.3,14.2,14.6,14.1,13.9,14.4,13.9,13.7,14.2,13.7,13.5,14,13.6,13.4,13.8,13.5,13.3,13.7,13.4,13.2,13.6,13.3,13.1,13.5,13.2,13,13.5,13.1,12.8,13.5,12.9,12.6,13.4,12.8,12.5,13.4,12.7,12.3,13.3,12.5,12.1,13.2,12.4,11.9,13.2,12.2,11.7,13.2
95,Kyrgyzstan,10.4,9.9,10.8,10.1,9.6,10.5,9.8,9.3,10.1,9.5,9.1,9.8,9.2,8.8,9.5,8.9,8.5,9.2,8.6,8.3,8.9,8.3,8,8.6,8.1,7.8,8.3,7.9,7.6,8.1,7.7,7.4,7.9,7.5,7.2,7.6,7.2,7,7.4,7.1,6.9,7.2,6.9,6.7,7,6.7,6.6,6.8,6.5,6.4,6.6,6.4,6.3,6.4,6.2,6.1,6.3,6.1,6,6.1,5.9,5.9,6,5.8,5.8,5.8,5.7,5.7,5.7,5.6,5.5,5.6,5.4,5.4,5.4,5.3,5.3,5.2,5.1,5.1,5.1,5,5,5,4.9,4.9,4.8,4.8,4.8,4.7,4.6,4.7,4.6,4.5,4.6,4.5,4.5,4.5,4.4,4.4,4.4,4.3,4.3,4.4,4.2
96,Lao People's Democratic Republic,7.7,7.7,7.6,7.5,7.6,7.5,7.4,7.4,7.4,7.3,7.2,7.3,7.2,7.1,7.2,7,6.9,7.1,6.9,6.8,7,6.8,6.6,6.9,6.6,6.4,6.8,6.5,6.3,6.7,6.4,6.1,6.6,6.2,5.9,6.5,6.1,5.8,6.3,5.9,5.6,6.2,5.7,5.4,6,5.6,5.2,5.9,5.4,5.1,5.7,5.3,4.9,5.6,5.1,4.7,5.5,5,4.6,5.3,4.9,4.4,5.2,4.7,4.3,5.1,4.6,4.2,5,4.5,4.1,4.8,4.4,3.9,4.7,4.3,3.8,4.6,4.1,3.7,4.5,4.1,3.6,4.4,4,3.5,4.3,3.9,3.4,4.2,3.8,3.4,4.2,3.7,3.3,4.1,3.6,3.2,4,3.6,3.2,3.9,3.5,3.1,3.9
97,Latvia,7.2,7.8,6.6,7.1,7.7,6.6,7,7.5,6.5,6.9,7.4,6.5,6.8,7.3,6.5,6.8,7.1,6.4,6.7,7.1,6.4,6.7,7,6.4,6.6,6.9,6.4,6.6,6.8,6.4,6.6,6.7,6.4,6.6,6.7,6.4,6.5,6.7,6.4,6.5,6.6,6.4,6.5,6.6,6.4,6.5,6.6,6.4,6.5,6.6,6.4,6.5,6.6,6.4,6.5,6.6,6.4,6.5,6.6,6.4,6.5,6.6,6.5,6.5,6.6,6.5,6.5,6.6,6.5,6.5,6.6,6.5,6.5,6.5,6.5,6.5,6.5,6.5,6.5,6.4,6.5,6.4,6.4,6.4,6.4,6.3,6.4,6.4,6.3,6.4,6.3,6.2,6.4,6.3,6.2,6.4,6.3,6.2,6.4,6.3,6.1,6.3,6.2,6.1,6.3
98,Lebanon,13.4,14.5,12.2,13,13.9,11.9,12.6,13.4,11.5,12.1,12.9,11.2,11.7,12.5,10.8,11.3,12,10.5,10.9,11.6,10.2,10.6,11.1,9.9,10.2,10.7,9.7,9.9,10.4,9.4,9.6,10,9.2,9.3,9.7,9,9.1,9.4,8.8,8.9,9.2,8.6,8.7,9,8.4,8.5,8.8,8.3,8.4,8.6,8.2,8.3,8.5,8,8.1,8.4,7.9,8.1,8.3,7.8,8,8.2,7.8,7.9,8.1,7.7,7.8,8.1,7.6,7.8,8,7.6,7.7,8,7.5,7.7,8,7.5,7.7,8,7.5,7.7,7.9,7.4,7.6,7.8,7.3,7.5,7.7,7.2,7.4,7.6,7.1,7.2,7.5,7,7.1,7.4,6.9,7.1,7.2,6.9,6.9,7.1,6.7
99,Lesotho,8.8,7.3,9.9,8.6,7.1,9.7,8.4,6.9,9.5,8.2,6.7,9.4,8.1,6.5,9.2,7.9,6.3,9.1,7.7,6.1,8.9,7.6,5.9,8.8,7.4,5.7,8.6,7.2,5.5,8.5,7,5.4,8.3,6.9,5.2,8.2,6.7,5,8,6.6,4.8,7.8,6.4,4.7,7.7,6.2,4.5,7.5,6,4.3,7.3,5.9,4.2,7.1,5.7,4,7,5.5,3.8,6.8,5.3,3.7,6.6,5.1,3.5,6.4,5,3.4,6.2,4.8,3.2,6,4.7,3.1,5.9,4.5,3,5.7,4.4,2.9,5.6,4.3,2.8,5.5,4.2,2.7,5.3,4.1,2.6,5.2,4,2.5,5.1,3.9,2.4,5,3.9,2.4,5,3.8,2.3,4.9,3.7,2.3,4.8
100,Liberia,7.7,7.8,7.6,7.5,7.6,7.3,7.3,7.5,7.1,7.1,7.3,6.9,6.9,7.2,6.7,6.7,7,6.4,6.5,6.9,6.2,6.4,6.7,6.1,6.2,6.6,5.9,6,6.4,5.7,5.9,6.3,5.5,5.7,6.1,5.4,5.6,6,5.2,5.4,5.8,5,5.3,5.7,4.9,5.2,5.6,4.8,5.1,5.5,4.7,5.1,5.5,4.7,5.1,5.5,4.6,5.1,5.6,4.7,5.2,5.7,4.7,5.2,5.7,4.8,5.2,5.7,4.8,5.2,5.7,4.7,5.1,5.6,4.7,5,5.4,4.6,4.8,5.2,4.4,4.6,5,4.3,4.4,4.8,4.1,4.3,4.6,4,4.2,4.5,3.9,4,4.3,3.8,3.9,4.2,3.7,3.8,4.1,3.6,3.7,4,3.5
101,Libya,15.9,15.2,16.6,15.6,14.9,16.3,15.3,14.6,15.9,14.9,14.2,15.6,14.7,14,15.4,14.4,13.7,15.1,14,13.3,14.7,13.6,12.9,14.4,13.3,12.6,14,12.9,12.2,13.7,12.6,11.9,13.3,12.3,11.6,13,12,11.3,12.7,11.7,11,12.5,11.4,10.7,12.2,11.2,10.5,12,11,10.3,11.8,10.8,10.1,11.6,10.6,9.9,11.4,10.4,9.8,11.2,10.2,9.6,11,10.1,9.5,10.8,9.9,9.3,10.7,9.8,9.2,10.5,9.7,9,10.4,9.5,8.9,10.3,9.4,8.8,10.2,9.3,8.7,10.1,9.2,8.6,10,9.1,8.5,9.9,8.9,8.3,9.7,8.8,8.1,9.6,8.6,7.9,9.4,8.4,7.7,9.2,8.2,7.5,9.1
102,Lithuania,7.9,8.9,7.1,7.8,8.7,7,7.7,8.5,7,7.6,8.3,7,7.5,8.1,6.9,7.4,8,6.9,7.3,7.8,6.9,7.2,7.6,6.9,7.2,7.5,6.9,7.1,7.4,6.9,7.1,7.2,6.9,7,7.1,6.9,7,7.1,6.9,7,7,6.9,7,7,7,7,7,7,7.1,7,7.1,7.1,7,7.1,7.1,7.1,7.2,7.2,7.1,7.2,7.2,7.1,7.3,7.2,7.1,7.3,7.3,7.1,7.4,7.3,7.1,7.4,7.3,7,7.4,7.2,7,7.4,7.2,6.9,7.4,7.2,6.9,7.4,7.2,6.8,7.4,7.2,6.8,7.4,7.1,6.7,7.4,7.1,6.7,7.4,7.1,6.6,7.4,7,6.5,7.4,7,6.5,7.4
103,Luxembourg,5.4,7,3.9,5.4,6.9,3.9,5.4,6.9,3.9,5.4,6.9,3.9,5.4,6.8,3.9,5.3,6.8,3.9,5.3,6.8,3.9,5.3,6.8,3.9,5.4,6.8,4,5.4,6.8,4,5.4,6.8,4,5.4,6.8,4,5.4,6.8,4,5.4,6.8,4,5.4,6.8,4,5.4,6.8,4,5.4,6.8,4,5.4,6.8,4,5.4,6.8,4,5.4,6.8,4,5.3,6.7,4,5.3,6.7,4,5.3,6.6,4,5.2,6.5,4.1,5.2,6.4,4.1,5.2,6.4,4.1,5.1,6.3,4.1,5.1,6.2,4.1,5.1,6.2,4.1,5.1,6.1,4.1,5,6,4.1,5,6,4.1,5,6,4.1,5,5.9,4.2,5,5.9,4.2
104,Madagascar,5.5,6.3,4.8,5.4,6.2,4.7,5.3,6.1,4.6,5.2,6,4.6,5.2,5.8,4.5,5.1,5.7,4.4,5,5.6,4.4,4.9,5.5,4.3,4.8,5.4,4.2,4.7,5.3,4.2,4.6,5.2,4.1,4.5,5,4,4.4,4.9,4,4.4,4.8,3.9,4.3,4.7,3.9,4.2,4.6,3.8,4.1,4.5,3.7,4,4.3,3.7,3.9,4.2,3.6,3.8,4.1,3.5,3.7,4,3.5,3.6,3.8,3.4,3.5,3.7,3.3,3.4,3.6,3.3,3.3,3.5,3.2,3.2,3.3,3.1,3.1,3.2,3,3,3.1,3,2.9,3,2.9,2.9,2.9,2.8,2.8,2.8,2.8,2.7,2.7,2.7,2.6,2.6,2.7,2.6,2.5,2.7,2.5,2.4,2.6
105,Malawi,6.3,6.6,6,6.1,6.4,5.9,6,6.3,5.7,5.8,6.1,5.6,5.7,5.9,5.5,5.6,5.8,5.4,5.4,5.6,5.3,5.3,5.5,5.2,5.2,5.4,5.1,5.1,5.2,5,5,5.1,4.9,4.9,5,4.8,4.8,4.9,4.7,4.7,4.7,4.6,4.6,4.6,4.5,4.4,4.5,4.4,4.3,4.3,4.3,4.2,4.2,4.2,4,4,4.1,3.9,3.9,4,3.8,3.7,3.8,3.7,3.6,3.7,3.6,3.5,3.6,3.4,3.3,3.5,3.3,3.2,3.4,3.2,3.1,3.3,3.1,3,3.2,3,2.9,3.2,2.9,2.8,3.1,2.9,2.7,3,2.8,2.6,2.9,2.7,2.5,2.9,2.6,2.4,2.8,2.6,2.4,2.8,2.5,2.3,2.7
106,Malaysia,11.1,11.4,10.7,11,11.3,10.6,10.8,11.1,10.6,10.7,11,10.5,10.6,10.8,10.4,10.5,10.7,10.3,10.4,10.5,10.2,10.2,10.3,10.1,10.1,10.2,10,9.9,10,9.8,9.7,9.8,9.7,9.6,9.6,9.6,9.4,9.3,9.4,9.2,9.1,9.2,9,8.8,9.1,8.7,8.6,8.9,8.5,8.3,8.7,8.3,8.1,8.5,8,7.8,8.2,7.8,7.5,8,7.6,7.3,7.8,7.4,7.1,7.6,7.1,6.8,7.4,7,6.7,7.3,6.8,6.5,7.1,6.6,6.3,6.9,6.5,6.1,6.8,6.3,6,6.6,6.2,5.9,6.5,6,5.7,6.3,5.9,5.6,6.2,5.7,5.4,6,5.6,5.3,5.9,5.4,5.1,5.7,5.3,5,5.6
107,Maldives,10.9,11.1,10.7,10.8,10.9,10.7,10.7,10.8,10.6,10.6,10.7,10.6,10.5,10.5,10.5,10.3,10.3,10.4,10.2,10.1,10.3,10.1,9.9,10.2,9.9,9.7,10.1,9.7,9.5,9.9,9.5,9.2,9.8,9.2,8.9,9.6,8.9,8.6,9.3,8.6,8.2,9.1,8.3,7.8,8.8,8,7.5,8.6,7.7,7.2,8.4,7.5,6.9,8.2,7.3,6.6,8,7,6.4,7.8,6.8,6.2,7.7,6.6,5.9,7.5,6.4,5.7,7.3,6.3,5.6,7.2,6.1,5.4,7,5.9,5.2,6.8,5.7,5,6.6,5.4,4.8,6.4,5.2,4.5,6.1,5,4.3,5.9,4.8,4.1,5.7,4.6,4,5.5,4.4,3.8,5.3,4.3,3.7,5.1,4.2,3.6,5
108,Mali,7.3,8.4,6.4,7.1,8.1,6.2,7,7.9,6.1,6.8,7.7,5.9,6.6,7.5,5.8,6.4,7.3,5.6,6.2,7.1,5.5,6,6.8,5.3,5.9,6.6,5.2,5.7,6.4,5.1,5.5,6.2,4.9,5.3,6,4.8,5.2,5.8,4.7,5,5.6,4.5,4.9,5.4,4.4,4.7,5.2,4.3,4.6,5.1,4.1,4.5,4.9,4,4.3,4.8,3.9,4.2,4.7,3.8,4.1,4.5,3.7,4,4.4,3.6,3.9,4.3,3.5,3.8,4.2,3.4,3.7,4,3.3,3.5,3.9,3.2,3.4,3.8,3.1,3.3,3.7,3,3.2,3.6,3,3.2,3.4,2.9,3.1,3.3,2.8,3,3.2,2.7,2.9,3.2,2.7,2.8,3.1,2.6,2.8,3,2.6
109,Malta,7.7,9,6.4,7.7,9,6.4,7.7,9,6.4,7.7,8.9,6.5,7.7,8.9,6.5,7.7,8.9,6.5,7.7,8.9,6.6,7.7,8.8,6.6,7.7,8.8,6.7,7.7,8.7,6.7,7.7,8.7,6.7,7.7,8.6,6.8,7.6,8.5,6.8,7.6,8.4,6.8,7.6,8.3,6.8,7.5,8.2,6.8,7.5,8.1,6.9,7.5,8.1,6.9,7.4,8,6.9,7.4,7.9,7,7.4,7.8,7,7.4,7.8,7,7.4,7.7,7.1,7.4,7.7,7.1,7.4,7.6,7.2,7.4,7.6,7.2,7.4,7.5,7.3,7.4,7.5,7.3,7.4,7.5,7.4,7.4,7.4,7.4,7.4,7.4,7.5,7.4,7.3,7.5,7.4,7.3,7.5,7.4,7.2,7.5,7.3,7.1,7.6
110,Marshall Islands,21.1,20.8,21.5,20.9,20.6,21.3,20.7,20.4,21.1,20.5,20.2,20.9,20.4,20,20.7,20.2,19.9,20.5,20,19.7,20.3,19.8,19.5,20.1,19.6,19.3,19.8,19.3,19,19.6,19.1,18.8,19.4,18.9,18.6,19.1,18.6,18.3,18.8,18.3,18,18.5,18,17.7,18.2,17.7,17.4,17.9,17.4,17.1,17.6,17,16.8,17.2,16.7,16.4,16.9,16.3,16,16.5,15.8,15.6,16.1,15.4,15.1,15.7,14.9,14.6,15.2,14.5,14.2,14.8,14,13.7,14.4,13.5,13.2,13.9,13.1,12.7,13.5,12.6,12.2,13.1,12.2,11.7,12.7,11.7,11.2,12.3,11.3,10.8,11.9,11,10.3,11.6,10.6,9.9,11.3,10.3,9.5,11,9.9,9.2,10.7
111,Mauritania,9,8.5,9.4,8.8,8.3,9.2,8.7,8.2,9.1,8.5,8.1,9,8.4,8,8.8,8.3,7.8,8.7,8.1,7.7,8.5,8,7.6,8.4,7.8,7.4,8.2,7.7,7.2,8.1,7.5,7.1,7.9,7.4,6.9,7.8,7.2,6.8,7.6,7.1,6.7,7.5,6.9,6.5,7.3,6.8,6.4,7.2,6.6,6.2,7,6.5,6.1,6.8,6.3,5.9,6.7,6.2,5.7,6.5,6,5.6,6.3,5.8,5.4,6.1,5.6,5.2,6,5.4,5.1,5.8,5.3,4.9,5.6,5.1,4.7,5.4,4.9,4.5,5.2,4.7,4.3,5,4.5,4.1,4.9,4.4,4,4.7,4.2,3.8,4.5,4.1,3.7,4.4,3.9,3.6,4.3,3.8,3.4,4.2,3.7,3.3,4
112,Mauritius,13,12.9,13.1,12.9,12.7,13,12.7,12.6,12.8,12.6,12.5,12.7,12.5,12.3,12.6,12.4,12.2,12.5,12.3,12.1,12.4,12.2,12,12.3,12.1,11.9,12.2,12,11.7,12.1,11.9,11.6,12.1,11.7,11.5,12,11.6,11.4,11.9,11.5,11.2,11.8,11.4,11.1,11.7,11.3,10.9,11.5,11.1,10.8,11.4,11,10.6,11.3,10.8,10.4,11.2,10.7,10.2,11,10.5,10,10.9,10.3,9.8,10.8,10.1,9.5,10.6,9.9,9.3,10.4,9.7,9,10.3,9.5,8.8,10.1,9.3,8.6,9.9,9.1,8.3,9.8,8.9,8.1,9.6,8.8,7.9,9.5,8.6,7.7,9.3,8.5,7.6,9.2,8.3,7.4,9.1,8.2,7.2,9,8.1,7.1,8.9
113,Mexico,11.2,10.9,11.5,11.1,10.8,11.4,11,10.6,11.2,10.8,10.5,11.1,10.7,10.4,10.9,10.6,10.3,10.8,10.5,10.3,10.7,10.4,10.2,10.6,10.3,10.1,10.4,10.1,10,10.3,10,9.8,10.2,9.9,9.7,10,9.8,9.6,9.9,9.6,9.5,9.8,9.5,9.3,9.6,9.3,9.2,9.4,9.2,9.1,9.3,9,8.9,9.1,8.9,8.8,8.9,8.7,8.6,8.8,8.5,8.4,8.6,8.3,8.2,8.4,8.1,8.1,8.2,7.9,7.9,8,7.8,7.7,7.8,7.6,7.5,7.6,7.4,7.4,7.5,7.3,7.2,7.3,7.2,7.1,7.2,7,7,7.1,6.9,6.9,6.9,6.8,6.8,6.8,6.7,6.7,6.7,6.6,6.6,6.6,6.5,6.5,6.5
114,Micronesia (Federated States of),22,20.5,23.4,21.5,20,22.9,21,19.6,22.4,20.5,19.1,21.9,20.1,18.6,21.4,19.6,18.2,20.9,19.1,17.8,20.5,18.7,17.3,20,18.2,16.8,19.5,17.8,16.4,19.1,17.3,15.9,18.6,16.9,15.5,18.2,16.4,15,17.7,16,14.6,17.2,15.5,14.2,16.8,15.1,13.8,16.4,14.7,13.3,15.9,14.2,12.9,15.5,13.8,12.5,15.1,13.4,12.1,14.6,12.9,11.6,14.2,12.5,11.2,13.8,12,10.8,13.3,11.6,10.4,12.9,11.2,9.9,12.5,10.8,9.5,12.1,10.5,9.2,11.8,10.1,8.8,11.4,9.8,8.4,11.1,9.4,8.1,10.8,9.1,7.7,10.4,8.7,7.4,10.1,8.4,7,9.8,8.1,6.7,9.5,7.8,6.4,9.2
115,Monaco,No data,No data,No data,No data,No data,No data,No data,No data,No data,No data,No data,No data,No data,No data,No data,No data,No data,No data,No data,No data,No data,No data,No data,No data,No data,No data,No data,No data,No data,No data,No data,No data,No data,No data,No data,No data,No data,No data,No data,No data,No data,No data,No data,No data,No data,No data,No data,No data,No data,No data,No data,No data,No data,No data,No data,No data,No data,No data,No data,No data,No data,No data,No data,No data,No data,No data,No data,No data,No data,No data,No data,No data,No data,No data,No data,No data,No data,No data,No data,No data,No data,No data,No data,No data,No data,No data,No data,No data,No data,No data,No data,No data,No data,No data,No data,No data,No data,No data,No data,No data,No data,No data,No data,No data,No data
116,Mongolia,11.7,12.2,11.2,11.3,11.8,10.9,11,11.5,10.6,10.7,11.1,10.3,10.4,10.8,10,10.1,10.5,9.8,9.9,10.2,9.5,9.6,9.9,9.3,9.3,9.6,9,9.1,9.4,8.8,8.8,9.1,8.5,8.6,8.9,8.3,8.4,8.6,8.1,8.2,8.4,7.9,8,8.2,7.8,7.8,8.1,7.6,7.7,7.9,7.5,7.5,7.7,7.3,7.4,7.6,7.2,7.2,7.4,7,7.1,7.3,6.9,7,7.2,6.8,6.9,7.1,6.7,6.8,6.9,6.6,6.6,6.8,6.5,6.5,6.7,6.3,6.3,6.5,6.2,6.2,6.4,6,6,6.2,5.9,5.9,6.1,5.7,5.7,5.9,5.6,5.6,5.8,5.4,5.4,5.6,5.3,5.3,5.5,5.2,5.2,5.4,5
117,Montenegro,7.1,7.6,6.6,7,7.5,6.6,7,7.4,6.6,7,7.3,6.6,6.9,7.2,6.6,6.9,7.2,6.6,6.8,7.1,6.6,6.8,7,6.5,6.7,6.9,6.5,6.6,6.8,6.5,6.6,6.7,6.4,6.5,6.5,6.4,6.4,6.4,6.4,6.3,6.3,6.4,6.2,6.1,6.3,6.2,6,6.3,6.1,5.8,6.3,6,5.7,6.2,5.9,5.6,6.2,5.8,5.5,6.2,5.8,5.4,6.1,5.7,5.2,6.1,5.6,5.1,6.1,5.6,5,6,5.5,4.9,6,5.4,4.8,5.9,5.3,4.6,5.8,5.2,4.5,5.8,5.1,4.4,5.7,5,4.2,5.6,4.9,4.1,5.6,4.8,4,5.5,4.7,3.8,5.4,4.6,3.7,5.4,4.6,3.6,5.3
118,Morocco,13.7,14,13.4,13.3,13.6,13.1,13,13.2,12.7,12.6,12.8,12.4,12.3,12.5,12.1,11.9,12.1,11.8,11.6,11.7,11.4,11.3,11.4,11.1,10.9,11,10.9,10.6,10.7,10.6,10.3,10.3,10.3,10,10,10,9.7,9.6,9.7,9.4,9.3,9.4,9.1,9,9.2,8.8,8.7,8.9,8.5,8.4,8.7,8.3,8.1,8.4,8,7.8,8.2,7.8,7.6,7.9,7.5,7.3,7.7,7.3,7.1,7.5,7.1,6.9,7.3,6.9,6.7,7.2,6.8,6.5,7,6.6,6.3,6.8,6.4,6.1,6.6,6.2,6,6.5,6.1,5.8,6.3,5.9,5.6,6.1,5.8,5.5,6,5.6,5.3,5.8,5.5,5.2,5.7,5.3,5,5.6,5.2,4.9,5.4
119,Mozambique,6.4,6.6,6.2,6.2,6.4,6.1,6.1,6.3,6,6,6.2,5.9,5.9,6.1,5.8,5.8,6,5.7,5.7,5.9,5.6,5.6,5.8,5.5,5.5,5.7,5.4,5.4,5.6,5.3,5.3,5.4,5.2,5.2,5.3,5.1,5.1,5.2,5,5,5,4.9,4.8,4.9,4.8,4.7,4.7,4.6,4.5,4.5,4.5,4.4,4.4,4.4,4.3,4.2,4.3,4.1,4.1,4.2,4,3.9,4,3.9,3.8,3.9,3.7,3.6,3.8,3.6,3.5,3.7,3.5,3.3,3.6,3.3,3.2,3.4,3.2,3.1,3.3,3.1,2.9,3.2,3,2.8,3.1,2.9,2.7,3,2.8,2.6,2.9,2.7,2.5,2.9,2.6,2.4,2.8,2.5,2.3,2.7,2.5,2.3,2.6
120,Myanmar,7.4,6.9,7.9,7.3,6.8,7.8,7.2,6.6,7.6,7,6.5,7.5,6.9,6.3,7.4,6.8,6.2,7.3,6.6,6,7.2,6.5,5.9,7,6.3,5.7,6.9,6.2,5.5,6.7,6,5.4,6.6,5.9,5.2,6.5,5.8,5.1,6.3,5.6,5,6.2,5.5,4.8,6,5.3,4.7,5.9,5.2,4.6,5.8,5.1,4.5,5.6,5,4.3,5.5,4.9,4.2,5.4,4.7,4.1,5.3,4.6,4,5.1,4.5,3.9,5,4.4,3.8,4.9,4.3,3.7,4.8,4.2,3.6,4.7,4.1,3.6,4.6,4,3.5,4.5,4,3.4,4.4,3.9,3.4,4.4,3.8,3.3,4.3,3.8,3.2,4.2,3.7,3.2,4.1,3.6,3.1,4.1,3.6,3.1,4
121,Namibia,7.4,7.3,7.5,7.3,7.2,7.4,7.2,7,7.3,7,6.8,7.2,6.9,6.7,7.1,6.8,6.5,7,6.7,6.4,6.9,6.5,6.2,6.8,6.4,6,6.6,6.2,5.8,6.5,6,5.6,6.4,5.9,5.4,6.2,5.7,5.2,6.1,5.5,5,6,5.4,4.9,5.8,5.2,4.7,5.7,5.1,4.5,5.5,4.9,4.4,5.4,4.8,4.2,5.3,4.6,4,5.1,4.5,3.9,5,4.4,3.8,4.9,4.2,3.6,4.7,4.1,3.5,4.6,4,3.4,4.5,3.9,3.3,4.4,3.8,3.2,4.3,3.7,3.1,4.3,3.6,3,4.2,3.6,2.9,4.1,3.5,2.8,4,3.4,2.8,4,3.3,2.7,3.9,3.3,2.6,3.8,3.2,2.6,3.8
122,Nauru,29.2,30.1,28.4,29.2,30.1,28.3,29.2,30.1,28.3,29.2,30.1,28.2,29.2,30.2,28.2,29.3,30.3,28.2,29.3,30.4,28.2,29.3,30.4,28.2,29.5,30.7,28.3,29.6,30.9,28.4,29.8,31,28.4,29.8,31.2,28.5,29.8,31.2,28.4,29.8,31.2,28.4,29.8,31.3,28.4,29.8,31.3,28.3,29.8,31.3,28.3,29.8,31.3,28.3,29.8,31.2,28.3,29.7,31.1,28.3,29.6,31,28.2,29.5,30.7,28.1,29.3,30.5,28,29.1,30.2,27.9,28.8,29.8,27.7,28.5,29.4,27.5,28.2,29,27.3,27.9,28.5,27.1,27.5,28,26.9,27.1,27.5,26.7,26.7,27,26.5,26.3,26.4,26.2,25.9,25.8,26,25.5,25.3,25.7,25,24.7,25.4
123,Nepal,10.6,11.7,9.5,10.3,11.5,9.3,10.1,11.3,9.1,9.9,11,8.9,9.8,10.8,8.7,9.6,10.6,8.5,9.4,10.4,8.3,9.2,10.2,8.2,8.9,9.9,8,8.7,9.7,7.8,8.5,9.4,7.6,8.3,9.2,7.4,8,8.9,7.2,7.8,8.6,7,7.5,8.3,6.7,7.3,8,6.5,7,7.7,6.3,6.8,7.4,6.1,6.5,7.2,5.9,6.3,6.9,5.7,6.1,6.6,5.5,5.9,6.4,5.4,5.7,6.2,5.2,5.4,5.9,5,5.3,5.7,4.8,5.1,5.5,4.7,4.9,5.3,4.5,4.7,5.1,4.4,4.6,4.9,4.2,4.4,4.7,4.1,4.3,4.5,4,4.1,4.4,3.9,4,4.2,3.8,3.9,4.1,3.7,3.8,4,3.6
124,Netherlands,4.3,5.2,3.5,4.4,5.2,3.6,4.4,5.2,3.6,4.4,5.2,3.6,4.4,5.2,3.6,4.4,5.2,3.7,4.5,5.2,3.7,4.5,5.2,3.7,4.5,5.2,3.8,4.5,5.2,3.8,4.5,5.2,3.8,4.5,5.1,3.8,4.4,5.1,3.8,4.4,5,3.8,4.4,5,3.8,4.3,4.9,3.8,4.3,4.8,3.8,4.2,4.7,3.8,4.2,4.7,3.8,4.2,4.6,3.8,4.1,4.5,3.7,4.1,4.4,3.7,4.1,4.4,3.7,4,4.3,3.7,4,4.3,3.7,4,4.2,3.7,3.9,4.2,3.7,3.9,4.1,3.7,3.9,4.1,3.7,3.8,4,3.6,3.8,4,3.6,3.8,3.9,3.6,3.8,3.9,3.7,3.8,3.9,3.7,3.8,3.9,3.7
125,New Zealand,6.9,7.9,6,6.9,7.9,5.9,6.8,7.8,5.9,6.8,7.8,5.9,6.8,7.7,5.9,6.8,7.7,5.9,6.8,7.7,5.9,6.8,7.7,5.9,6.7,7.6,5.9,6.7,7.6,5.9,6.7,7.5,5.8,6.6,7.5,5.8,6.6,7.4,5.8,6.5,7.4,5.7,6.5,7.3,5.7,6.4,7.3,5.6,6.3,7.2,5.5,6.3,7.1,5.5,6.2,7,5.4,6.1,7,5.4,6.1,6.9,5.3,6,6.8,5.2,5.9,6.7,5.2,5.9,6.6,5.1,5.8,6.6,5.1,5.8,6.5,5,5.7,6.5,5,5.6,6.4,4.9,5.6,6.3,4.9,5.5,6.3,4.8,5.5,6.2,4.8,5.5,6.2,4.7,5.4,6.2,4.7,5.4,6.2,4.7,5.4,6.1,4.7
126,Nicaragua,10.1,9.2,11,10,9.1,10.8,9.8,8.9,10.6,9.7,8.8,10.4,9.5,8.7,10.2,9.4,8.6,10.1,9.2,8.5,9.9,9.1,8.3,9.8,8.9,8.2,9.6,8.8,8.1,9.4,8.6,7.9,9.2,8.4,7.8,9,8.3,7.6,8.9,8.1,7.5,8.7,7.9,7.3,8.5,7.8,7.2,8.3,7.6,7,8.1,7.4,6.9,8,7.3,6.7,7.8,7.1,6.6,7.6,7,6.5,7.5,6.9,6.3,7.3,6.7,6.2,7.2,6.6,6.1,7,6.5,6,6.9,6.4,5.9,6.8,6.2,5.8,6.6,6.1,5.7,6.5,6,5.6,6.4,5.9,5.5,6.2,5.8,5.4,6.1,5.7,5.3,6,5.6,5.2,5.9,5.5,5.1,5.8,5.4,5.1,5.8
127,Niger,5.6,5.9,5.3,5.5,5.8,5.2,5.4,5.7,5.1,5.3,5.6,5,5.2,5.5,4.9,5.1,5.4,4.8,5,5.3,4.7,4.9,5.2,4.6,4.8,5.1,4.5,4.7,5,4.4,4.6,4.9,4.3,4.5,4.8,4.3,4.4,4.7,4.2,4.3,4.6,4.1,4.2,4.5,4,4.1,4.3,3.9,4,4.2,3.8,3.9,4.1,3.7,3.7,3.9,3.6,3.6,3.8,3.5,3.5,3.7,3.4,3.4,3.5,3.3,3.3,3.4,3.2,3.2,3.3,3.1,3.1,3.2,3,3,3,2.9,2.9,2.9,2.8,2.8,2.8,2.8,2.7,2.8,2.7,2.7,2.7,2.6,2.6,2.6,2.6,2.6,2.6,2.6,2.5,2.5,2.5,2.5,2.5,2.5,2.5,2.5,2.5
128,Nigeria,6.2,6.3,6,6.1,6.2,5.9,6,6.1,5.8,5.9,6,5.8,5.8,5.8,5.7,5.7,5.7,5.6,5.5,5.6,5.5,5.4,5.5,5.4,5.3,5.3,5.3,5.2,5.2,5.2,5.1,5.1,5.2,5,4.9,5.1,4.9,4.8,5,4.8,4.7,4.9,4.7,4.6,4.8,4.6,4.5,4.7,4.5,4.4,4.7,4.5,4.3,4.6,4.4,4.2,4.5,4.3,4.1,4.4,4.2,4,4.3,4.1,3.9,4.2,4,3.8,4.2,3.9,3.7,4.1,3.8,3.6,4,3.7,3.5,3.9,3.6,3.4,3.8,3.5,3.3,3.7,3.4,3.2,3.6,3.3,3.1,3.5,3.2,3,3.4,3.1,2.9,3.4,3.1,2.8,3.3,3,2.7,3.2,2.9,2.6,3.2
129,Niue,27.1,26.8,27.3,26.6,26.4,26.9,26.2,25.9,26.4,25.7,25.5,26,25.3,25,25.5,24.8,24.6,25,24.3,24.1,24.5,23.8,23.6,24,23.3,23.1,23.5,22.8,22.5,23,22.3,22,22.5,21.8,21.5,22,21.3,21,21.5,20.8,20.5,21.1,20.2,19.9,20.5,19.7,19.4,20,19.2,18.9,19.5,18.7,18.3,19,18.1,17.8,18.5,17.6,17.2,18,17,16.6,17.5,16.5,16,17,15.9,15.4,16.5,15.4,14.7,16,14.8,14.1,15.5,14.2,13.5,15,13.7,12.9,14.5,13.1,12.3,14,12.5,11.6,13.5,12,11,12.9,11.4,10.4,12.4,10.8,9.8,11.9,10.3,9.2,11.4,9.8,8.6,10.9,9.3,8.1,10.5
130,Norway,5.1,6.2,3.9,5.1,6.2,3.9,5.1,6.2,3.9,5.1,6.2,4,5.1,6.2,4,5.1,6.3,4,5.2,6.3,4.1,5.2,6.3,4.1,5.2,6.3,4.1,5.2,6.3,4.2,5.2,6.2,4.2,5.2,6.2,4.2,5.2,6.1,4.2,5.1,6.1,4.2,5.1,6,4.2,5,5.9,4.2,5,5.8,4.1,4.9,5.8,4.1,4.9,5.7,4.1,4.8,5.6,4.1,4.8,5.5,4.1,4.7,5.5,4,4.7,5.4,4,4.6,5.3,4,4.6,5.3,4,4.6,5.2,3.9,4.5,5.1,3.9,4.5,5.1,3.9,4.4,5,3.9,4.4,4.9,3.9,4.4,4.9,3.8,4.3,4.8,3.8,4.3,4.8,3.8,4.2,4.7,3.8,4.2,4.6,3.8
131,Oman,13.5,14.3,12.3,13.2,14,12.1,13,13.7,11.9,12.7,13.4,11.7,12.5,13.1,11.6,12.2,12.8,11.4,12,12.5,11.2,11.7,12.2,11,11.5,11.9,10.8,11.2,11.6,10.6,11,11.3,10.5,10.8,11,10.3,10.5,10.8,10.2,10.3,10.5,10,10.1,10.2,9.9,9.9,10,9.7,9.7,9.7,9.5,9.4,9.5,9.4,9.2,9.2,9.2,9,8.9,9,8.7,8.6,8.8,8.5,8.3,8.6,8.2,8,8.4,7.9,7.8,8.2,7.7,7.5,8,7.4,7.2,7.7,7.2,6.9,7.5,6.9,6.6,7.3,6.7,6.3,7,6.4,6,6.8,6.2,5.7,6.6,5.9,5.5,6.4,5.7,5.2,6.1,5.5,5,5.9,5.3,4.8,5.8
132,Pakistan,12.4,12.6,12.1,12.1,12.3,11.9,11.9,12.1,11.6,11.6,11.8,11.4,11.4,11.6,11.2,11.2,11.4,11,10.9,11.1,10.7,10.7,10.9,10.5,10.5,10.6,10.3,10.2,10.4,10.1,10,10.1,9.8,9.7,9.8,9.6,9.5,9.6,9.4,9.3,9.3,9.2,9,9.1,9,8.8,8.8,8.8,8.6,8.6,8.6,8.4,8.3,8.4,8.1,8.1,8.2,7.9,7.8,8.1,7.7,7.6,7.9,7.5,7.4,7.7,7.3,7.1,7.5,7.1,6.9,7.4,6.9,6.7,7.2,6.8,6.5,7.1,6.6,6.3,6.9,6.4,6.1,6.8,6.2,5.9,6.6,6.1,5.7,6.5,5.9,5.6,6.4,5.8,5.4,6.2,5.6,5.2,6.1,5.5,5.1,6,5.3,4.9,5.9
133,Palau,23.2,24.8,21.6,23,24.6,21.4,22.9,24.5,21.2,22.7,24.3,21,22.5,24.2,20.8,22.4,24,20.7,22.2,23.8,20.5,22,23.6,20.3,21.7,23.4,20,21.5,23.1,19.8,21.2,22.8,19.5,20.9,22.5,19.3,20.6,22.2,19,20.3,21.9,18.8,20.1,21.6,18.5,19.8,21.3,18.3,19.6,21,18.1,19.3,20.6,17.8,19,20.3,17.6,18.6,19.8,17.3,18.3,19.4,17,17.9,18.9,16.7,17.5,18.5,16.4,17.1,17.9,16.1,16.6,17.4,15.8,16.2,16.8,15.4,15.7,16.3,15.1,15.3,15.7,14.8,14.8,15.2,14.5,14.4,14.6,14.2,14,14,13.9,13.6,13.5,13.6,13.2,13,13.3,12.8,12.5,13.1,12.5,12.1,12.9
134,Panama,9.3,8.9,9.8,9.2,8.7,9.6,9,8.5,9.4,8.8,8.4,9.3,8.7,8.2,9.1,8.5,8.1,9,8.4,7.9,8.8,8.2,7.8,8.7,8.1,7.6,8.5,8,7.5,8.4,7.8,7.4,8.2,7.7,7.3,8.1,7.6,7.1,8,7.4,7,7.9,7.3,6.9,7.7,7.2,6.8,7.6,7,6.6,7.4,6.9,6.5,7.3,6.7,6.3,7.1,6.6,6.2,6.9,6.4,6,6.8,6.3,5.9,6.6,6.1,5.7,6.5,6,5.6,6.3,5.9,5.5,6.2,5.7,5.4,6.1,5.6,5.3,6,5.5,5.2,5.9,5.4,5.1,5.8,5.3,5,5.6,5.2,4.9,5.5,5.1,4.8,5.4,5,4.7,5.3,4.9,4.6,5.2,4.8,4.5,5.1
135,Papua New Guinea,14.8,15.4,14.3,14.4,14.9,13.9,14,14.5,13.5,13.6,14.2,13.1,13.3,13.8,12.8,12.9,13.4,12.4,12.6,13.1,12.1,12.3,12.8,11.8,12,12.5,11.5,11.7,12.2,11.2,11.4,11.9,10.9,11.1,11.6,10.6,10.8,11.3,10.4,10.6,11,10.1,10.3,10.7,9.8,10,10.4,9.6,9.7,10.1,9.3,9.5,9.9,9.1,9.2,9.6,8.8,8.9,9.3,8.5,8.6,9,8.3,8.4,8.7,8,8.1,8.4,7.7,7.8,8.1,7.5,7.6,7.9,7.3,7.4,7.6,7.1,7.1,7.4,6.8,6.9,7.2,6.6,6.7,6.9,6.5,6.5,6.7,6.3,6.3,6.5,6.1,6.2,6.4,5.9,6,6.2,5.8,5.8,6,5.6,5.7,5.9,5.5
136,Paraguay,8.1,8,8.3,8,7.8,8.1,7.8,7.7,7.9,7.6,7.5,7.7,7.4,7.4,7.5,7.3,7.2,7.3,7.1,7.1,7.1,7,7,7,6.9,6.9,6.8,6.7,6.8,6.7,6.6,6.6,6.6,6.5,6.5,6.4,6.3,6.4,6.3,6.2,6.2,6.2,6.1,6.1,6,5.9,5.9,5.9,5.8,5.8,5.8,5.6,5.6,5.6,5.5,5.4,5.5,5.3,5.3,5.3,5.1,5.1,5.2,5,4.9,5.1,4.8,4.7,4.9,4.7,4.6,4.8,4.5,4.4,4.6,4.4,4.2,4.5,4.2,4.1,4.4,4.1,4,4.2,4,3.8,4.1,3.9,3.7,4,3.8,3.6,3.9,3.7,3.5,3.8,3.6,3.5,3.8,3.6,3.4,3.7,3.5,3.4,3.6
137,Peru,7.7,7.2,8.1,7.5,7.1,8,7.4,7,7.8,7.3,6.9,7.7,7.2,6.8,7.6,7.1,6.7,7.5,7,6.6,7.5,7,6.5,7.4,6.9,6.4,7.3,6.8,6.4,7.2,6.8,6.3,7.2,6.7,6.3,7.2,6.7,6.2,7.1,6.7,6.2,7.1,6.7,6.2,7.1,6.6,6.2,7.1,6.6,6.1,7.1,6.6,6.1,7,6.5,6.1,7,6.5,6,6.9,6.4,5.9,6.8,6.3,5.9,6.8,6.3,5.8,6.7,6.2,5.7,6.6,6.1,5.7,6.6,6.1,5.6,6.5,6,5.5,6.5,6,5.5,6.4,5.9,5.4,6.3,5.8,5.3,6.3,5.7,5.2,6.2,5.6,5.1,6.1,5.6,5,6.1,5.5,5,6,5.4,4.9,5.9
138,Philippines,7.2,7.1,7.3,7.1,6.9,7.2,7,6.8,7.1,6.9,6.7,7.1,6.9,6.7,7,6.8,6.6,7,6.7,6.5,6.9,6.6,6.4,6.9,6.6,6.3,6.8,6.5,6.2,6.8,6.4,6.1,6.7,6.3,6,6.6,6.3,5.9,6.6,6.2,5.8,6.5,6.1,5.7,6.4,6,5.7,6.3,6,5.6,6.3,5.9,5.5,6.2,5.8,5.4,6.1,5.7,5.3,6,5.6,5.2,5.9,5.5,5.2,5.8,5.4,5.1,5.7,5.3,5,5.5,5.1,4.8,5.4,5,4.7,5.3,4.9,4.6,5.1,4.7,4.5,5,4.6,4.4,4.9,4.5,4.3,4.7,4.4,4.2,4.6,4.3,4.1,4.5,4.3,4.1,4.4,4.2,4,4.3,4.1,3.9,4.3
139,Poland,7.7,8.4,7,7.5,8.2,6.9,7.4,8.1,6.8,7.3,7.9,6.8,7.2,7.7,6.7,7.1,7.6,6.7,7,7.4,6.6,6.9,7.3,6.5,6.8,7.2,6.5,6.7,7,6.5,6.7,6.9,6.4,6.6,6.8,6.4,6.5,6.7,6.4,6.5,6.6,6.3,6.4,6.5,6.3,6.3,6.4,6.3,6.3,6.3,6.2,6.3,6.3,6.2,6.2,6.2,6.2,6.2,6.1,6.2,6.2,6.1,6.2,6.1,6,6.2,6.1,6,6.2,6.1,5.9,6.2,6.1,5.9,6.2,6,5.8,6.2,6,5.7,6.2,5.9,5.6,6.2,5.9,5.6,6.2,5.9,5.5,6.2,5.8,5.4,6.2,5.8,5.4,6.2,5.8,5.3,6.2,5.8,5.3,6.2,5.8,5.2,6.2
140,Portugal,6.8,8.4,5.3,6.7,8.3,5.3,6.7,8.2,5.3,6.6,8,5.2,6.5,7.9,5.2,6.4,7.8,5.2,6.4,7.6,5.2,6.3,7.5,5.2,6.2,7.4,5.2,6.2,7.2,5.2,6.1,7.1,5.2,6,6.9,5.2,6,6.8,5.2,5.9,6.6,5.2,5.8,6.5,5.2,5.7,6.3,5.2,5.6,6.2,5.1,5.6,6,5.1,5.5,5.9,5.1,5.4,5.7,5.1,5.3,5.6,5.1,5.3,5.4,5.1,5.2,5.3,5.1,5.1,5.2,5.1,5,5,5,5,4.9,5,4.9,4.8,4.9,4.8,4.6,4.9,4.7,4.5,4.8,4.6,4.3,4.8,4.5,4.2,4.8,4.4,4.1,4.7,4.4,4,4.7,4.3,3.9,4.7,4.3,3.8,4.6
141,Qatar,18.9,18.9,18.8,18.5,18.5,18.4,18.1,18.1,18,17.7,17.7,17.7,17.4,17.3,17.3,17,17,17,16.6,16.6,16.6,16.2,16.2,16.3,15.9,15.8,16,15.5,15.5,15.7,15.2,15.1,15.3,14.8,14.7,15,14.5,14.4,14.7,14.2,14.1,14.4,13.9,13.7,14.2,13.6,13.4,13.9,13.3,13.2,13.6,13,12.9,13.4,12.8,12.6,13.2,12.6,12.5,13,12.4,12.3,12.8,12.3,12.1,12.7,12.1,11.9,12.5,12,11.8,12.4,11.9,11.7,12.3,11.8,11.6,12.2,11.7,11.5,12.2,11.6,11.4,12.1,11.6,11.4,12.1,11.5,11.3,12,11.5,11.2,12,11.4,11.1,12,11.3,11.1,11.9,11.2,10.9,11.8,11.1,10.8,11.6
142,Republic of Korea,8,9.3,6.7,7.9,9.1,6.7,7.7,8.9,6.6,7.6,8.8,6.5,7.5,8.6,6.5,7.4,8.5,6.4,7.3,8.3,6.4,7.3,8.2,6.4,7.3,8.2,6.4,7.3,8.1,6.4,7.3,8.1,6.5,7.4,8.2,6.6,7.4,8.2,6.7,7.5,8.2,6.8,7.5,8.2,6.8,7.5,8.1,6.9,7.5,8,6.9,7.4,7.9,6.9,7.3,7.8,6.8,7.2,7.6,6.8,7,7.4,6.7,6.9,7.2,6.5,6.7,7,6.4,6.6,6.8,6.3,6.4,6.6,6.2,6.2,6.3,6,6,6,5.9,5.7,5.8,5.7,5.5,5.5,5.5,5.3,5.2,5.3,5.1,5,5.1,4.8,4.7,4.9,4.6,4.5,4.7,4.4,4.2,4.6,4.2,4,4.4
143,Republic of Moldova,8.1,7.8,8.4,8,7.5,8.3,7.8,7.3,8.2,7.7,7.1,8.1,7.5,6.9,8.1,7.4,6.7,8,7.3,6.5,7.9,7.2,6.4,7.8,7,6.2,7.7,6.9,6,7.6,6.7,5.8,7.4,6.5,5.6,7.3,6.4,5.4,7.1,6.2,5.3,7,6.1,5.1,6.9,6,5,6.8,5.9,4.9,6.7,5.9,4.8,6.6,5.8,4.8,6.6,5.7,4.7,6.5,5.7,4.7,6.5,5.7,4.6,6.5,5.6,4.6,6.5,5.6,4.5,6.4,5.5,4.5,6.3,5.4,4.4,6.3,5.4,4.3,6.2,5.3,4.2,6.1,5.2,4.2,6,5.2,4.1,6,5.1,4,5.9,5,4,5.8,5,3.9,5.8,4.9,3.9,5.7,4.9,3.8,5.7
144,Romania,6.8,7.3,6.4,6.7,7.1,6.3,6.6,7,6.2,6.5,6.8,6.2,6.4,6.6,6.1,6.3,6.5,6,6.2,6.3,6,6.1,6.2,5.9,6,6.1,5.9,5.9,5.9,5.8,5.8,5.8,5.8,5.7,5.7,5.7,5.6,5.6,5.7,5.5,5.5,5.6,5.5,5.4,5.6,5.4,5.3,5.5,5.4,5.2,5.5,5.3,5.1,5.5,5.2,5,5.4,5.2,4.9,5.4,5.1,4.9,5.3,5.1,4.8,5.3,5,4.7,5.3,5,4.6,5.3,4.9,4.6,5.3,4.9,4.5,5.2,4.8,4.4,5.2,4.8,4.3,5.2,4.8,4.3,5.2,4.7,4.2,5.2,4.7,4.2,5.2,4.7,4.1,5.2,4.7,4.1,5.2,4.7,4,5.2,4.7,4,5.3
145,Russian Federation,7.7,7.4,8,7.7,7.3,7.9,7.6,7.2,7.9,7.5,7.1,7.8,7.5,7,7.8,7.4,6.9,7.8,7.4,6.8,7.8,7.3,6.7,7.7,7.2,6.6,7.7,7.2,6.5,7.7,7.1,6.5,7.6,7.1,6.4,7.6,7,6.3,7.5,7,6.2,7.5,6.9,6.2,7.5,6.9,6.1,7.4,6.8,6.1,7.4,6.8,6.1,7.4,6.8,6.1,7.4,6.8,6,7.4,6.8,6,7.4,6.8,6,7.4,6.8,6,7.4,6.8,6,7.4,6.8,6,7.4,6.8,5.9,7.4,6.8,5.9,7.4,6.7,5.8,7.4,6.7,5.8,7.4,6.7,5.8,7.3,6.7,5.7,7.3,6.7,5.7,7.3,6.7,5.7,7.3,6.7,5.6,7.3,6.7,5.6,7.4
146,Rwanda,4.4,4.3,4.5,4.3,4.2,4.5,4.2,4.1,4.4,4.1,3.9,4.3,4,3.8,4.2,3.9,3.7,4.1,3.8,3.6,4,3.7,3.5,3.9,3.6,3.4,3.8,3.5,3.3,3.8,3.4,3.2,3.7,3.3,3.1,3.6,3.2,2.9,3.5,3.1,2.8,3.3,3,2.7,3.2,2.9,2.6,3.1,2.8,2.5,3,2.7,2.3,2.9,2.5,2.2,2.8,2.4,2.1,2.7,2.3,2,2.6,2.2,1.9,2.5,2.1,1.8,2.4,2,1.7,2.3,1.9,1.6,2.2,1.8,1.5,2.1,1.8,1.4,2,1.7,1.4,2,1.6,1.3,1.9,1.6,1.3,1.9,1.5,1.2,1.8,1.5,1.2,1.8,1.5,1.1,1.7,1.4,1.1,1.7,1.4,1.1,1.6
147,Saint Kitts and Nevis,14.5,12.7,16.3,14.2,12.4,15.9,13.8,12,15.5,13.5,11.7,15.1,13.1,11.4,14.7,12.8,11.1,14.3,12.4,10.8,13.9,12.1,10.5,13.5,11.8,10.2,13.2,11.4,9.9,12.8,11.1,9.7,12.5,10.8,9.4,12.2,10.5,9.1,11.9,10.2,8.8,11.5,9.9,8.5,11.2,9.7,8.3,11,9.4,8.1,10.7,9.1,7.8,10.4,8.9,7.6,10.1,8.7,7.4,9.9,8.5,7.2,9.7,8.3,7.1,9.5,8.1,7,9.3,8,6.8,9.1,7.8,6.7,8.9,7.7,6.6,8.7,7.5,6.4,8.5,7.4,6.3,8.3,7.2,6.2,8.2,7.1,6.1,8,6.9,5.9,7.8,6.8,5.8,7.7,6.6,5.7,7.5,6.4,5.5,7.3,6.3,5.4,7.2
148,Saint Lucia,14.5,13.7,15.1,13.9,13.1,14.6,13.3,12.5,14,12.7,11.9,13.5,12.2,11.3,13,11.7,10.8,12.5,11.2,10.3,12,10.7,9.8,11.6,10.3,9.3,11.1,9.9,8.9,10.7,9.5,8.5,10.4,9.1,8.1,10,8.8,7.8,9.7,8.5,7.5,9.4,8.2,7.2,9.1,7.9,6.8,8.8,7.6,6.5,8.5,7.3,6.3,8.2,7,6,8,6.8,5.7,7.7,6.5,5.5,7.5,6.3,5.2,7.2,6,5,7,5.8,4.8,6.7,5.6,4.6,6.5,5.4,4.4,6.3,5.2,4.2,6,5,4.1,5.8,4.9,4,5.7,4.7,3.8,5.5,4.6,3.7,5.4,4.5,3.6,5.2,4.4,3.5,5.1,4.3,3.5,5,4.2,3.4,4.8
149,Saint Vincent and the Grenadines,10.6,9.3,11.8,10.4,9.2,11.7,10.3,9.1,11.5,10.1,8.9,11.3,9.9,8.8,11.1,9.8,8.7,10.9,9.6,8.5,10.7,9.5,8.4,10.5,9.3,8.3,10.4,9.2,8.1,10.2,9,8,10,8.8,7.8,9.8,8.6,7.7,9.5,8.4,7.5,9.3,8.2,7.3,9.1,8,7.1,8.8,7.8,6.9,8.6,7.5,6.7,8.3,7.3,6.5,8.1,7.1,6.3,7.9,6.9,6.1,7.6,6.7,5.9,7.4,6.5,5.8,7.2,6.3,5.6,7,6.2,5.4,6.8,6,5.2,6.6,5.8,5.1,6.5,5.7,4.9,6.3,5.5,4.8,6.1,5.4,4.7,6,5.2,4.5,5.8,5.1,4.4,5.7,5,4.3,5.5,4.9,4.2,5.4,4.8,4.1,5.3
150,Samoa,24.6,22.7,26.6,24,22.1,26,23.5,21.6,25.4,22.9,21.1,24.8,22.4,20.6,24.3,21.9,20.1,23.7,21.4,19.6,23.2,20.8,19.1,22.6,20.3,18.6,22,19.8,18.1,21.5,19.2,17.6,21,18.7,17.1,20.4,18.2,16.5,19.9,17.6,16,19.3,17.1,15.5,18.7,16.5,15,18.1,16,14.4,17.5,15.4,13.9,16.9,14.8,13.3,16.2,14.2,12.7,15.6,13.6,12.1,15,13,11.6,14.4,12.4,11,13.8,11.9,10.5,13.3,11.4,10,12.8,10.9,9.5,12.3,10.5,9,11.9,10.1,8.6,11.5,9.6,8.2,11.1,9.3,7.8,10.7,8.9,7.4,10.3,8.5,7,9.9,8.2,6.7,9.6,7.9,6.4,9.3,7.6,6.1,9
151,San Marino,No data,No data,No data,No data,No data,No data,No data,No data,No data,No data,No data,No data,No data,No data,No data,No data,No data,No data,No data,No data,No data,No data,No data,No data,No data,No data,No data,No data,No data,No data,No data,No data,No data,No data,No data,No data,No data,No data,No data,No data,No data,No data,No data,No data,No data,No data,No data,No data,No data,No data,No data,No data,No data,No data,No data,No data,No data,No data,No data,No data,No data,No data,No data,No data,No data,No data,No data,No data,No data,No data,No data,No data,No data,No data,No data,No data,No data,No data,No data,No data,No data,No data,No data,No data,No data,No data,No data,No data,No data,No data,No data,No data,No data,No data,No data,No data,No data,No data,No data,No data,No data,No data,No data,No data,No data
152,Sao Tome and Principe,8,8.3,7.8,8,8.3,7.7,7.9,8.2,7.6,7.8,8.1,7.5,7.7,8,7.4,7.6,8,7.3,7.5,7.9,7.2,7.4,7.8,7.1,7.4,7.7,7.1,7.3,7.7,7,7.2,7.6,6.9,7.1,7.5,6.8,7.1,7.4,6.8,7,7.3,6.7,6.9,7.3,6.6,6.8,7.2,6.5,6.7,7.1,6.4,6.6,6.9,6.3,6.5,6.8,6.2,6.3,6.7,6.1,6.2,6.5,5.9,6,6.3,5.8,5.9,6.2,5.6,5.7,6,5.4,5.5,5.7,5.3,5.3,5.5,5.1,5.1,5.3,4.9,4.9,5.1,4.8,4.8,4.9,4.6,4.6,4.8,4.5,4.5,4.6,4.4,4.4,4.5,4.3,4.3,4.4,4.2,4.2,4.3,4.2,4.2,4.3,4.1
153,Saudi Arabia,17.4,17.6,17,17,17.2,16.7,16.7,16.9,16.3,16.3,16.5,16,16,16.1,15.7,15.6,15.8,15.4,15.3,15.4,15.1,15,15.1,14.8,14.7,14.8,14.5,14.4,14.5,14.2,14.1,14.2,14,13.8,13.9,13.8,13.6,13.6,13.5,13.3,13.3,13.3,13.1,13.1,13.1,12.8,12.8,12.8,12.5,12.5,12.6,12.3,12.2,12.3,12,11.9,12.1,11.7,11.7,11.8,11.5,11.4,11.6,11.2,11.1,11.3,10.9,10.8,11.1,10.7,10.6,10.8,10.4,10.3,10.6,10.2,10,10.4,9.9,9.7,10.2,9.7,9.5,10,9.5,9.2,9.8,9.2,8.9,9.6,9,8.7,9.5,8.8,8.4,9.3,8.6,8.2,9.1,8.4,7.9,8.9,8.2,7.7,8.7
154,Senegal,7.4,7.5,7.3,7.3,7.4,7.2,7.2,7.3,7.1,7.1,7.2,7,7,7.1,6.9,6.9,7,6.8,6.8,6.9,6.7,6.6,6.8,6.6,6.5,6.6,6.4,6.4,6.5,6.3,6.3,6.4,6.2,6.2,6.2,6.1,6,6.1,6,5.9,6,5.9,5.8,5.8,5.8,5.7,5.7,5.7,5.6,5.6,5.6,5.5,5.5,5.5,5.4,5.4,5.4,5.3,5.3,5.3,5.2,5.1,5.2,5.1,5,5.1,5,4.9,5,4.9,4.8,4.9,4.7,4.6,4.8,4.6,4.5,4.7,4.5,4.4,4.6,4.4,4.3,4.5,4.3,4.2,4.5,4.2,4.1,4.4,4.2,4,4.3,4.1,3.9,4.2,4,3.8,4.1,3.9,3.7,4,3.8,3.6,4
155,Serbia,6.9,7.3,6.5,6.8,7.2,6.4,6.7,7.1,6.4,6.7,7,6.3,6.6,6.9,6.2,6.5,6.9,6.2,6.5,6.8,6.2,6.4,6.7,6.1,6.3,6.6,6.1,6.3,6.5,6,6.2,6.4,6,6.1,6.3,5.9,6.1,6.2,5.9,6,6.1,5.9,5.9,6,5.8,5.9,5.9,5.8,5.8,5.8,5.8,5.8,5.7,5.8,5.7,5.6,5.8,5.7,5.5,5.8,5.6,5.5,5.8,5.6,5.4,5.8,5.6,5.3,5.8,5.5,5.2,5.8,5.4,5.1,5.7,5.3,5,5.6,5.2,4.9,5.6,5.2,4.7,5.5,5.1,4.6,5.5,5,4.5,5.5,4.9,4.4,5.4,4.9,4.3,5.4,4.8,4.2,5.4,4.8,4.1,5.4,4.7,4,5.4
156,Seychelles,10.4,10.3,10.4,10.2,10.1,10.3,10.1,9.9,10.2,9.9,9.8,10.1,9.8,9.6,10,9.7,9.5,9.9,9.6,9.3,9.8,9.4,9.2,9.7,9.3,9,9.5,9.1,8.8,9.4,9,8.6,9.3,8.9,8.5,9.2,8.7,8.3,9,8.6,8.1,8.9,8.4,8,8.8,8.3,7.8,8.7,8.1,7.6,8.5,7.9,7.4,8.4,7.8,7.3,8.3,7.6,7.1,8.1,7.5,6.9,8,7.3,6.8,7.9,7.2,6.6,7.7,7.1,6.4,7.6,6.9,6.3,7.5,6.8,6.1,7.4,6.7,6,7.3,6.6,5.9,7.1,6.5,5.8,7,6.4,5.7,7,6.3,5.6,6.9,6.1,5.5,6.8,6,5.3,6.6,5.9,5.2,6.5,5.8,5,6.4
157,Sierra Leone,6.9,7.1,6.6,6.7,6.9,6.5,6.5,6.8,6.3,6.4,6.6,6.2,6.3,6.5,6.1,6.1,6.3,6,6,6.2,5.9,5.9,6.1,5.7,5.8,5.9,5.6,5.7,5.8,5.5,5.5,5.7,5.4,5.4,5.6,5.3,5.3,5.4,5.2,5.2,5.3,5.1,5.1,5.2,5,5,5.1,4.9,4.9,5,4.8,4.8,4.9,4.7,4.7,4.8,4.6,4.6,4.7,4.5,4.5,4.5,4.5,4.4,4.4,4.4,4.3,4.3,4.3,4.2,4.2,4.2,4.1,4.1,4.1,4,4,4.1,3.9,3.9,4,3.9,3.8,3.9,3.8,3.7,3.9,3.7,3.6,3.8,3.6,3.5,3.7,3.6,3.5,3.7,3.5,3.4,3.6,3.4,3.3,3.6,3.4,3.2,3.5
158,Singapore,7.9,9.4,6.5,7.9,9.3,6.6,7.9,9.3,6.6,7.9,9.3,6.7,8,9.2,6.7,8,9.2,6.8,8,9.2,6.8,8,9.2,6.9,8.1,9.2,7,8.2,9.2,7.1,8.3,9.3,7.2,8.4,9.4,7.4,8.5,9.4,7.5,8.6,9.5,7.6,8.6,9.5,7.8,8.7,9.6,7.9,8.8,9.6,7.9,8.8,9.6,8,8.8,9.5,8.1,8.8,9.4,8.1,8.7,9.4,8.1,8.7,9.3,8.1,8.7,9.2,8.1,8.6,9.1,8.2,8.6,9,8.2,8.5,8.9,8.2,8.5,8.8,8.1,8.4,8.6,8.1,8.3,8.5,8.1,8.2,8.4,8.1,8.2,8.3,8,8.1,8.1,8,8,8,8,7.9,7.9,7.9,7.8,7.8,7.9
159,Slovakia,7.2,8.2,6.3,7.1,8,6.2,7,7.8,6.2,6.9,7.7,6.1,6.8,7.5,6.1,6.7,7.4,6,6.6,7.3,5.9,6.5,7.1,5.9,6.4,7,5.8,6.3,6.8,5.8,6.2,6.7,5.7,6.1,6.6,5.7,6.1,6.5,5.6,6,6.4,5.6,5.9,6.3,5.6,5.9,6.2,5.6,5.8,6.2,5.5,5.8,6.1,5.5,5.8,6,5.5,5.7,6,5.5,5.7,5.9,5.5,5.7,5.9,5.5,5.7,5.9,5.5,5.6,5.8,5.5,5.6,5.7,5.5,5.5,5.6,5.4,5.5,5.5,5.4,5.4,5.4,5.4,5.3,5.3,5.3,5.3,5.2,5.3,5.2,5.1,5.3,5.1,5,5.2,5.1,4.9,5.2,5,4.8,5.2,5,4.8,5.1
160,Slovenia,7.1,7.3,7,7,7.2,6.9,6.9,7,6.8,6.8,6.9,6.7,6.7,6.8,6.7,6.7,6.7,6.6,6.6,6.6,6.5,6.5,6.5,6.5,6.4,6.4,6.4,6.4,6.3,6.4,6.3,6.3,6.3,6.3,6.2,6.3,6.2,6.1,6.3,6.2,6,6.2,6.1,6,6.2,6.1,5.9,6.2,6,5.8,6.1,6,5.7,6.1,5.9,5.7,6.1,5.9,5.6,6.1,5.8,5.5,6,5.7,5.4,6,5.7,5.3,6,5.6,5.2,5.9,5.6,5.1,5.9,5.5,5,5.8,5.4,5,5.8,5.4,4.9,5.8,5.3,4.8,5.7,5.3,4.7,5.7,5.2,4.6,5.7,5.1,4.5,5.6,5.1,4.4,5.6,5,4.3,5.6,5,4.2,5.5
161,Solomon Islands,13.9,12.6,15.1,13.6,12.4,14.8,13.3,12.2,14.4,13,11.9,14.1,12.7,11.7,13.7,12.5,11.5,13.4,12.2,11.3,13.1,12,11.1,12.8,11.7,10.9,12.6,11.5,10.8,12.3,11.3,10.6,12,11.1,10.4,11.7,10.8,10.2,11.5,10.6,10,11.2,10.4,9.8,11,10.1,9.6,10.7,9.9,9.3,10.4,9.6,9.1,10.1,9.3,8.8,9.9,9.1,8.6,9.6,8.8,8.4,9.3,8.6,8.1,9.1,8.3,7.9,8.8,8.1,7.6,8.6,7.9,7.4,8.4,7.6,7.2,8.1,7.4,6.9,7.9,7.2,6.7,7.7,7,6.5,7.5,6.8,6.3,7.4,6.6,6.1,7.2,6.4,6,7,6.3,5.8,6.8,6.1,5.6,6.7,5.9,5.5,6.5
162,Somalia,6.8,7.4,6.2,6.7,7.3,6.1,6.6,7.2,6,6.5,7,5.9,6.4,6.9,5.8,6.3,6.8,5.7,6.1,6.7,5.6,6,6.6,5.6,5.9,6.4,5.5,5.8,6.3,5.4,5.7,6.2,5.3,5.6,6,5.2,5.5,5.9,5.1,5.3,5.7,5,5.2,5.6,4.9,5.1,5.4,4.8,5,5.3,4.7,4.9,5.1,4.6,4.8,5,4.6,4.7,4.8,4.5,4.5,4.7,4.4,4.4,4.6,4.3,4.3,4.4,4.2,4.2,4.3,4.1,4.1,4.1,4,3.9,4,3.9,3.8,3.9,3.8,3.7,3.7,3.7,3.6,3.6,3.6,3.5,3.5,3.5,3.4,3.4,3.5,3.4,3.3,3.4,3.3,3.2,3.3,3.2,3.1,3.3,3.1,3,3.2
163,South Africa,11.3,9.7,12.6,11.1,9.5,12.4,10.9,9.3,12.2,10.8,9.2,12,10.6,9,11.8,10.4,8.8,11.7,10.2,8.7,11.5,10,8.5,11.3,9.8,8.3,11,9.6,8.1,10.8,9.4,7.9,10.6,9.2,7.7,10.4,9,7.5,10.3,8.8,7.3,10.1,8.6,7.2,9.9,8.5,7,9.7,8.3,6.8,9.5,8.1,6.6,9.3,7.9,6.5,9.2,7.8,6.3,9,7.6,6.2,8.9,7.5,6,8.7,7.3,5.9,8.6,7.2,5.8,8.5,7.1,5.6,8.4,7,5.5,8.3,6.9,5.4,8.2,6.8,5.3,8.1,6.7,5.2,8,6.6,5.1,8,6.6,5,7.9,6.5,5,7.8,6.4,4.9,7.8,6.4,4.8,7.7,6.3,4.8,7.7
164,South Sudan,No data,No data,No data,No data,No data,No data,No data,No data,No data,No data,No data,No data,No data,No data,No data,No data,No data,No data,No data,No data,No data,No data,No data,No data,No data,No data,No data,No data,No data,No data,No data,No data,No data,No data,No data,No data,No data,No data,No data,No data,No data,No data,No data,No data,No data,No data,No data,No data,No data,No data,No data,No data,No data,No data,No data,No data,No data,No data,No data,No data,No data,No data,No data,No data,No data,No data,No data,No data,No data,No data,No data,No data,No data,No data,No data,No data,No data,No data,No data,No data,No data,No data,No data,No data,No data,No data,No data,No data,No data,No data,No data,No data,No data,No data,No data,No data,No data,No data,No data,No data,No data,No data,No data,No data,No data
165,Spain,7.1,8.5,5.7,7.1,8.5,5.7,7.1,8.5,5.7,7.1,8.5,5.8,7.1,8.5,5.8,7.2,8.5,5.8,7.2,8.5,5.9,7.2,8.5,5.9,7.2,8.5,5.9,7.2,8.4,6,7.1,8.4,6,7.1,8.3,6,7.1,8.2,6,7,8,6,7,7.9,6,6.9,7.8,6,6.8,7.6,6,6.7,7.5,6,6.7,7.3,6,6.6,7.2,6,6.5,7,6,6.4,6.9,6,6.4,6.8,6,6.3,6.7,6,6.3,6.5,6,6.2,6.4,6,6.1,6.3,6,6.1,6.1,6,6,6,6,6,5.9,6,5.9,5.8,6,5.9,5.7,6,5.8,5.6,6,5.8,5.5,6,5.8,5.4,6.1
166,Sri Lanka,7.4,7,7.7,7.2,6.8,7.6,7,6.6,7.4,6.9,6.5,7.3,6.7,6.3,7.1,6.6,6.1,7,6.4,6,6.9,6.3,5.8,6.8,6.2,5.6,6.6,6,5.5,6.5,5.9,5.3,6.4,5.8,5.2,6.3,5.6,5,6.2,5.5,4.9,6.1,5.4,4.8,6,5.3,4.6,5.8,5.1,4.5,5.7,5,4.4,5.6,4.9,4.3,5.5,4.7,4.1,5.4,4.6,4,5.2,4.5,3.9,5.1,4.4,3.8,5,4.2,3.6,4.8,4.1,3.5,4.7,4,3.4,4.6,3.9,3.3,4.5,3.8,3.2,4.4,3.7,3.2,4.3,3.6,3.1,4.2,3.6,3,4.1,3.5,3,4.1,3.5,3,4,3.4,2.9,4,3.4,2.9,4
167,Sudan,No data,No data,No data,No data,No data,No data,No data,No data,No data,No data,No data,No data,No data,No data,No data,No data,No data,No data,No data,No data,No data,No data,No data,No data,No data,No data,No data,No data,No data,No data,No data,No data,No data,No data,No data,No data,No data,No data,No data,No data,No data,No data,No data,No data,No data,No data,No data,No data,No data,No data,No data,No data,No data,No data,No data,No data,No data,No data,No data,No data,No data,No data,No data,No data,No data,No data,No data,No data,No data,No data,No data,No data,No data,No data,No data,No data,No data,No data,No data,No data,No data,No data,No data,No data,No data,No data,No data,No data,No data,No data,No data,No data,No data,No data,No data,No data,No data,No data,No data,No data,No data,No data,No data,No data,No data
168,Sudan (former),8.9,8.3,9.5,8.8,8.2,9.3,8.7,8.1,9.2,8.5,8,9.1,8.4,7.9,9,8.3,7.7,8.8,8.2,7.6,8.7,8.1,7.5,8.6,8,7.4,8.5,7.8,7.3,8.4,7.7,7.2,8.2,7.6,7,8.1,7.4,6.9,8,7.3,6.7,7.8,7.1,6.5,7.7,7,6.4,7.5,6.8,6.2,7.3,6.6,6,7.1,6.4,5.8,6.9,6.2,5.6,6.7,6,5.4,6.5,5.7,5.1,6.3,5.5,4.9,6.1,5.3,4.7,5.9,5.1,4.5,5.7,4.9,4.3,5.5,4.7,4.1,5.3,4.6,3.9,5.1,4.4,3.8,5,4.3,3.6,4.8,4.1,3.5,4.7,4,3.4,4.6,3.9,3.3,4.5,3.8,3.2,4.4,3.7,3.1,4.3
169,Suriname,12.3,10.9,13.5,12.1,10.8,13.3,11.8,10.6,13,11.6,10.4,12.8,11.4,10.2,12.6,11.3,10.1,12.4,11.1,9.9,12.2,10.9,9.7,11.9,10.6,9.5,11.7,10.4,9.4,11.5,10.2,9.2,11.3,10,9,11,9.8,8.8,10.8,9.7,8.6,10.6,9.5,8.5,10.5,9.4,8.3,10.3,9.2,8.2,10.2,9.1,8.1,10,9,8,9.9,8.8,7.9,9.8,8.7,7.8,9.7,8.7,7.7,9.6,8.6,7.6,9.5,8.5,7.5,9.3,8.4,7.5,9.2,8.3,7.4,9.1,8.2,7.3,9,8.1,7.2,8.9,8,7.1,8.8,7.9,7,8.7,7.7,6.9,8.5,7.6,6.7,8.4,7.4,6.5,8.2,7.2,6.3,8,7,6.1,7.8
170,Sweden,4.9,5.8,4,4.9,5.8,3.9,4.9,5.8,4,4.9,5.9,4,4.9,5.9,4,4.9,5.9,4,4.9,5.9,4,4.9,5.9,4,5,5.9,4,4.9,5.9,4,4.9,5.9,4,4.9,5.8,4,4.9,5.8,4,4.9,5.7,4,4.9,5.7,4,4.8,5.7,4,4.8,5.6,4,4.8,5.6,4,4.8,5.5,4,4.8,5.5,4,4.7,5.4,4.1,4.7,5.4,4.1,4.7,5.4,4.1,4.7,5.3,4.1,4.7,5.3,4.1,4.7,5.2,4.1,4.7,5.2,4.1,4.7,5.2,4.2,4.7,5.2,4.2,4.7,5.1,4.2,4.7,5.1,4.2,4.7,5.1,4.2,4.7,5.1,4.3,4.7,5.1,4.3,4.7,5.1,4.4
171,Switzerland,4,5.3,2.8,4,5.2,2.8,4,5.2,2.9,4,5.1,2.9,4,5.1,2.9,4,5,2.9,4,5,3,4,5,3,4,4.9,3,4,4.9,3.1,3.9,4.9,3.1,3.9,4.8,3.1,3.9,4.8,3.1,3.9,4.8,3.2,3.9,4.7,3.2,3.9,4.7,3.2,3.9,4.7,3.2,3.9,4.7,3.2,3.9,4.6,3.3,3.9,4.6,3.3,3.9,4.5,3.3,3.8,4.4,3.3,3.8,4.4,3.2,3.7,4.3,3.2,3.7,4.2,3.2,3.6,4.1,3.1,3.5,3.9,3.1,3.4,3.8,3.1,3.4,3.7,3,3.3,3.7,3,3.3,3.6,3,3.2,3.5,3,3.2,3.5,3,3.2,3.4,3,3.2,3.4,3
172,Syrian Arab Republic,14.6,14,15.3,14.3,13.7,15,14,13.4,14.6,13.7,13.1,14.3,13.3,12.7,13.9,12.9,12.3,13.5,12.6,12,13.2,12.3,11.7,12.9,12,11.4,12.6,11.7,11.1,12.3,11.4,10.9,12,11.2,10.6,11.7,10.9,10.4,11.4,10.6,10.1,11.2,10.4,9.8,10.9,10.1,9.5,10.6,9.8,9.3,10.3,9.5,9,10.1,9.2,8.7,9.8,8.9,8.4,9.5,8.7,8.1,9.2,8.4,7.8,9,8.1,7.6,8.7,7.9,7.3,8.5,7.7,7.1,8.3,7.5,6.9,8.1,7.3,6.7,7.9,7.1,6.5,7.7,7,6.4,7.6,6.8,6.2,7.5,6.7,6.1,7.3,6.6,5.9,7.2,6.4,5.8,7.1,6.3,5.7,6.9,6.2,5.6,6.8
173,Tajikistan,10.1,10.3,9.9,9.7,9.9,9.6,9.4,9.5,9.2,9,9.2,8.9,8.7,8.8,8.6,8.4,8.5,8.3,8.1,8.2,8,7.8,7.9,7.7,7.5,7.6,7.4,7.2,7.3,7.1,7,7,6.9,6.7,6.8,6.6,6.5,6.5,6.4,6.2,6.3,6.2,6.1,6.1,6,5.9,6,5.8,5.8,5.8,5.7,5.6,5.7,5.6,5.6,5.6,5.5,5.5,5.6,5.4,5.4,5.5,5.3,5.3,5.4,5.3,5.3,5.3,5.2,5.2,5.2,5.1,5.1,5.1,5,5,5,4.9,4.9,4.9,4.8,4.8,4.8,4.7,4.7,4.7,4.7,4.6,4.7,4.6,4.6,4.6,4.5,4.5,4.5,4.5,4.4,4.5,4.4,4.4,4.4,4.4,4.3,4.4,4.3
174,Thailand,8.5,8.3,8.8,8.4,8.1,8.7,8.3,8,8.6,8.2,7.9,8.5,8.1,7.7,8.4,8,7.6,8.3,7.8,7.4,8.2,7.7,7.3,8.1,7.6,7.1,8,7.4,6.9,7.9,7.3,6.8,7.8,7.2,6.6,7.7,7,6.4,7.5,6.9,6.3,7.4,6.7,6.1,7.3,6.6,5.9,7.2,6.5,5.8,7.1,6.3,5.6,7,6.2,5.5,6.9,6.1,5.3,6.7,5.9,5.1,6.6,5.8,5,6.5,5.7,4.8,6.4,5.5,4.7,6.3,5.4,4.6,6.2,5.3,4.4,6.1,5.2,4.3,6,5.1,4.2,5.9,5,4.1,5.8,4.9,4,5.7,4.8,3.9,5.6,4.7,3.8,5.5,4.6,3.7,5.4,4.5,3.6,5.4,4.4,3.5,5.3
175,The former Yugoslav republic of Macedonia,7.2,7.6,6.8,7.1,7.5,6.7,7,7.4,6.7,7,7.2,6.6,6.9,7.1,6.6,6.8,7,6.6,6.8,7,6.5,6.7,6.9,6.5,6.6,6.8,6.5,6.6,6.7,6.5,6.5,6.6,6.5,6.5,6.6,6.5,6.5,6.5,6.5,6.5,6.4,6.5,6.4,6.4,6.5,6.4,6.3,6.5,6.4,6.3,6.5,6.4,6.2,6.5,6.3,6.1,6.5,6.3,6.1,6.5,6.2,6,6.5,6.2,5.9,6.4,6.1,5.8,6.4,6.1,5.7,6.4,6,5.6,6.3,5.9,5.5,6.3,5.9,5.4,6.3,5.8,5.3,6.2,5.7,5.2,6.2,5.7,5.1,6.2,5.6,5,6.2,5.6,4.9,6.2,5.5,4.8,6.1,5.5,4.8,6.1,5.4,4.7,6.2
176,Timor-Leste,5.5,5.4,5.5,5.4,5.3,5.5,5.4,5.3,5.4,5.3,5.2,5.4,5.3,5.2,5.3,5.2,5.1,5.3,5.2,5.1,5.3,5.2,5.1,5.2,5.1,5,5.2,5.1,5,5.2,5,4.9,5.2,5,4.9,5.1,4.9,4.8,5.1,4.9,4.7,5,4.8,4.6,5,4.7,4.5,4.9,4.7,4.5,4.8,4.5,4.3,4.7,4.4,4.2,4.6,4.3,4.1,4.5,4.2,4,4.4,4.1,3.9,4.3,4,3.7,4.2,3.8,3.6,4.1,3.7,3.5,4,3.6,3.3,3.9,3.5,3.2,3.8,3.4,3.1,3.7,3.3,3,3.5,3.1,2.9,3.4,3,2.8,3.3,3,2.7,3.2,2.9,2.6,3.2,2.8,2.5,3.1,2.7,2.4,3
177,Togo,7.1,7.3,7,7,7.1,6.8,6.8,7,6.7,6.7,6.9,6.5,6.5,6.8,6.3,6.4,6.6,6.2,6.3,6.5,6,6.1,6.4,5.9,6,6.3,5.7,5.8,6.1,5.6,5.7,6,5.4,5.5,5.8,5.3,5.4,5.7,5.1,5.3,5.6,5,5.1,5.4,4.9,5,5.3,4.7,4.8,5.1,4.6,4.7,5,4.4,4.5,4.8,4.3,4.4,4.7,4.2,4.3,4.5,4,4.1,4.4,3.9,4,4.3,3.8,3.9,4.1,3.7,3.8,4,3.6,3.7,3.9,3.5,3.6,3.8,3.4,3.5,3.7,3.3,3.4,3.6,3.2,3.3,3.5,3.1,3.2,3.4,3.1,3.2,3.3,3,3.1,3.3,3,3,3.2,2.9,3,3.1,2.8
178,Tonga,24.2,21.9,26.4,23.7,21.5,25.8,23.3,21.1,25.3,22.8,20.7,24.7,22.3,20.3,24.2,21.9,19.9,23.7,21.4,19.5,23.2,21,19.1,22.7,20.6,18.7,22.2,20.1,18.3,21.7,19.6,17.9,21.2,19.2,17.5,20.7,18.7,17,20.2,18.2,16.6,19.7,17.7,16.1,19.2,17.2,15.7,18.7,16.7,15.2,18.1,16.3,14.7,17.6,15.8,14.3,17.1,15.3,13.8,16.6,14.8,13.3,16.2,14.3,12.8,15.7,13.8,12.3,15.2,13.3,11.8,14.7,12.9,11.3,14.3,12.4,10.8,13.8,12,10.4,13.4,11.5,9.9,13,11.1,9.5,12.6,10.7,9,12.2,10.3,8.6,11.8,9.8,8.2,11.4,9.5,7.8,11.1,9.1,7.4,10.8,8.7,7,10.4
179,Trinidad and Tobago,11.7,10.4,13,11.3,10,12.6,11,9.7,12.2,10.6,9.3,11.8,10.2,9,11.4,9.9,8.6,11,9.5,8.3,10.7,9.2,8,10.3,8.9,7.7,10,8.5,7.4,9.6,8.2,7.1,9.3,7.9,6.8,9,7.6,6.5,8.7,7.3,6.2,8.4,7.1,6,8.1,6.8,5.7,7.8,6.6,5.5,7.6,6.3,5.3,7.3,6.1,5.1,7,5.9,4.9,6.8,5.7,4.7,6.6,5.5,4.6,6.4,5.3,4.4,6.2,5.2,4.2,6,5,4.1,5.8,4.9,4,5.7,4.8,3.9,5.6,4.6,3.8,5.5,4.6,3.7,5.4,4.5,3.6,5.3,4.4,3.5,5.2,4.3,3.4,5.2,4.3,3.3,5.1,4.2,3.3,5,4.1,3.2,4.9
180,Tunisia,12.5,12.1,12.9,12.2,11.8,12.6,12,11.5,12.3,11.7,11.3,12.1,11.4,11,11.9,11.2,10.7,11.6,10.9,10.4,11.4,10.7,10.2,11.2,10.4,9.9,11,10.2,9.6,10.7,10,9.3,10.5,9.7,9.1,10.3,9.5,8.8,10.1,9.2,8.5,9.9,9,8.3,9.7,8.8,8,9.5,8.6,7.8,9.3,8.3,7.6,9.1,8.1,7.4,8.9,7.9,7.2,8.7,7.7,6.9,8.4,7.5,6.8,8.3,7.3,6.6,8.1,7.1,6.4,7.9,6.9,6.2,7.7,6.7,6,7.5,6.6,5.8,7.3,6.4,5.7,7.1,6.2,5.5,6.9,6.1,5.4,6.8,5.9,5.3,6.6,5.8,5.1,6.4,5.6,5,6.3,5.5,4.9,6.1,5.4,4.8,6
181,Turkey,13.6,13,14.2,13.3,12.7,13.9,13,12.4,13.6,12.7,12.1,13.3,12.4,11.8,13,12.1,11.5,12.7,11.8,11.2,12.4,11.5,10.8,12.1,11.2,10.5,11.8,10.8,10.2,11.4,10.5,9.8,11.1,10.2,9.4,10.8,9.9,9.1,10.5,9.6,8.8,10.3,9.3,8.5,10,9,8.2,9.7,8.8,7.9,9.5,8.5,7.7,9.3,8.3,7.4,9.1,8.1,7.2,8.9,7.9,7,8.7,7.7,6.8,8.5,7.5,6.6,8.3,7.3,6.5,8.1,7.1,6.3,7.9,6.9,6.1,7.7,6.7,5.8,7.5,6.5,5.6,7.2,6.3,5.4,7,6,5.2,6.8,5.8,5,6.6,5.7,4.8,6.4,5.5,4.7,6.2,5.4,4.6,6.1,5.2,4.5,6
182,Turkmenistan,12.2,12.4,12,11.7,11.9,11.5,11.2,11.4,11,10.8,11,10.6,10.4,10.6,10.2,10,10.2,9.7,9.6,9.8,9.4,9.2,9.5,9,8.9,9.1,8.7,8.6,8.8,8.4,8.3,8.6,8.1,8,8.3,7.8,7.8,8.1,7.5,7.5,7.8,7.3,7.3,7.6,7,7.1,7.4,6.8,6.9,7.2,6.6,6.7,7.1,6.5,6.6,6.9,6.3,6.5,6.8,6.2,6.3,6.6,6,6.2,6.5,5.9,6,6.3,5.8,5.9,6.2,5.7,5.8,6,5.5,5.6,5.9,5.4,5.5,5.8,5.3,5.4,5.6,5.2,5.3,5.5,5.1,5.2,5.5,5,5.2,5.4,5,5.1,5.3,4.9,5.1,5.2,4.9,5,5.2,4.8,5,5.1,4.8
183,Tuvalu,23.8,23.2,24.3,23.4,22.9,23.9,23.1,22.7,23.6,22.8,22.4,23.2,22.5,22,22.9,22.1,21.7,22.5,21.8,21.4,22.2,21.4,21.1,21.8,21.1,20.7,21.5,20.7,20.4,21.1,20.4,20,20.7,20,19.6,20.4,19.6,19.2,20,19.2,18.8,19.5,18.7,18.4,19.1,18.3,17.9,18.7,17.8,17.4,18.3,17.4,16.9,17.8,16.9,16.4,17.3,16.4,15.9,16.9,15.9,15.3,16.4,15.3,14.7,15.8,14.7,14.1,15.3,14.1,13.5,14.8,13.6,12.9,14.2,13,12.2,13.7,12.4,11.6,13.2,11.9,11,12.7,11.3,10.5,12.2,10.8,9.9,11.8,10.4,9.4,11.4,9.9,9,11,9.5,8.5,10.6,9.1,8,10.2,8.7,7.6,9.9
184,Uganda,4.6,4.4,4.7,4.4,4.2,4.6,4.3,4.1,4.5,4.1,3.9,4.3,4,3.7,4.2,3.9,3.6,4.1,3.7,3.5,4,3.6,3.3,3.9,3.5,3.2,3.8,3.4,3.1,3.7,3.3,3,3.6,3.2,2.9,3.5,3.2,2.8,3.5,3.1,2.7,3.4,3,2.7,3.3,2.9,2.6,3.2,2.8,2.5,3.1,2.7,2.4,3.1,2.7,2.3,3,2.6,2.2,2.9,2.5,2.1,2.8,2.4,2.1,2.7,2.3,2,2.7,2.3,1.9,2.6,2.2,1.9,2.5,2.1,1.8,2.5,2.1,1.7,2.4,2,1.7,2.3,2,1.6,2.3,1.9,1.6,2.3,1.9,1.6,2.2,1.9,1.5,2.2,1.8,1.5,2.1,1.8,1.5,2.1,1.8,1.4,2.1
185,Ukraine,7.3,7.4,7.2,7.2,7.3,7.1,7.2,7.2,7.1,7.1,7.1,7.1,7.1,7,7.1,7,6.9,7.1,7,6.8,7,6.9,6.7,7,6.8,6.6,7,6.7,6.5,6.9,6.7,6.4,6.9,6.6,6.2,6.8,6.5,6.1,6.8,6.4,6,6.7,6.4,6,6.7,6.3,5.9,6.6,6.3,5.8,6.6,6.3,5.8,6.6,6.3,5.8,6.6,6.3,5.7,6.6,6.3,5.7,6.7,6.3,5.7,6.7,6.2,5.6,6.7,6.2,5.6,6.6,6.1,5.5,6.6,6.1,5.4,6.6,6,5.3,6.5,6,5.3,6.5,5.9,5.2,6.4,5.9,5.1,6.4,5.8,5.1,6.4,5.8,5,6.3,5.8,5,6.3,5.7,4.9,6.3,5.7,4.9,6.3
186,United Arab Emirates,15.1,15,15.4,15,14.9,15.2,14.9,14.8,15.1,14.8,14.7,15,14.7,14.7,14.9,14.6,14.6,14.8,14.5,14.4,14.6,14.3,14.2,14.5,14.1,14,14.2,13.8,13.7,14,13.4,13.3,13.7,13.1,12.9,13.4,12.7,12.6,13,12.3,12.2,12.7,12,11.8,12.4,11.7,11.5,12.1,11.4,11.2,11.8,11.1,10.9,11.6,10.8,10.6,11.4,10.6,10.4,11.1,10.4,10.2,10.9,10.2,10,10.8,10.1,9.8,10.6,10,9.7,10.5,9.8,9.6,10.3,9.7,9.5,10.2,9.7,9.4,10.2,9.7,9.4,10.2,9.7,9.4,10.2,9.7,9.4,10.2,9.7,9.5,10.3,9.7,9.5,10.3,9.7,9.5,10.3,9.8,9.5,10.4,9.8,9.6,10.4
187,United Kingdom of Great Britain and Northern Ireland,5.8,6.6,4.9,5.7,6.6,4.9,5.7,6.5,4.9,5.7,6.5,4.9,5.7,6.5,4.9,5.7,6.4,4.9,5.6,6.4,4.9,5.6,6.3,4.9,5.6,6.3,4.9,5.6,6.2,4.9,5.5,6.2,4.9,5.5,6.1,4.9,5.5,6.1,4.9,5.4,6,4.9,5.4,5.9,4.8,5.3,5.9,4.8,5.3,5.8,4.8,5.2,5.7,4.7,5.2,5.7,4.7,5.1,5.6,4.7,5.1,5.5,4.6,5,5.5,4.6,5,5.4,4.5,4.9,5.3,4.5,4.8,5.3,4.4,4.8,5.2,4.4,4.7,5.1,4.3,4.7,5.1,4.3,4.6,5,4.2,4.6,5,4.2,4.5,4.9,4.1,4.5,4.9,4.1,4.4,4.8,4.1,4.4,4.8,4,4.4,4.8,4
188,United Republic of Tanzania,6.1,6,6.1,6,5.9,6,5.9,5.8,5.9,5.8,5.7,5.8,5.7,5.6,5.7,5.6,5.5,5.6,5.5,5.4,5.5,5.4,5.3,5.4,5.3,5.2,5.3,5.2,5.1,5.2,5.1,5,5.1,5,4.9,5,4.9,4.8,4.9,4.8,4.7,4.8,4.6,4.6,4.7,4.5,4.5,4.6,4.4,4.4,4.5,4.3,4.2,4.3,4.2,4.1,4.2,4.1,4,4.1,3.9,3.8,4,3.8,3.7,3.9,3.7,3.6,3.8,3.5,3.4,3.6,3.4,3.3,3.5,3.3,3.2,3.4,3.2,3,3.3,3.1,2.9,3.2,3,2.8,3.1,2.9,2.7,3,2.8,2.6,2.9,2.7,2.5,2.9,2.6,2.5,2.8,2.6,2.4,2.7,2.5,2.3,2.7
189,United States of America,7.3,8.2,6.4,7.2,8.1,6.4,7.1,8,6.3,7.1,8,6.3,7,7.9,6.2,7,7.8,6.2,6.9,7.8,6.1,6.9,7.7,6.1,6.8,7.6,6.1,6.7,7.5,6,6.7,7.5,6,6.6,7.4,5.9,6.5,7.3,5.9,6.4,7.2,5.8,6.3,7,5.7,6.2,6.9,5.6,6.1,6.8,5.5,6,6.6,5.5,5.9,6.5,5.4,5.8,6.4,5.3,5.7,6.2,5.2,5.6,6.1,5.1,5.5,5.9,5,5.3,5.8,5,5.2,5.7,4.9,5.1,5.5,4.8,5,5.4,4.7,5,5.3,4.7,4.9,5.2,4.6,4.8,5.1,4.5,4.7,5,4.5,4.6,4.9,4.4,4.6,4.8,4.4,4.5,4.7,4.3,4.5,4.7,4.3
190,Uruguay,9.5,9.1,9.8,9.4,9,9.6,9.2,8.9,9.5,9.1,8.9,9.3,9,8.8,9.1,8.9,8.7,9,8.8,8.6,8.9,8.7,8.6,8.7,8.6,8.5,8.6,8.5,8.5,8.5,8.4,8.4,8.4,8.4,8.4,8.3,8.3,8.4,8.3,8.3,8.3,8.2,8.2,8.3,8.1,8.2,8.2,8.1,8.1,8.2,8,8,8.1,8,8,8,7.9,7.9,8,7.9,7.9,7.9,7.8,7.8,7.9,7.8,7.8,7.8,7.7,7.7,7.8,7.6,7.7,7.7,7.6,7.6,7.7,7.5,7.6,7.6,7.5,7.5,7.6,7.4,7.5,7.6,7.4,7.5,7.6,7.4,7.5,7.6,7.4,7.4,7.5,7.3,7.4,7.5,7.3,7.4,7.5,7.3,7.4,7.5,7.3
191,Uzbekistan,10.6,10.5,10.7,10.2,10.1,10.3,9.9,9.8,9.9,9.5,9.4,9.6,9.2,9.1,9.2,8.9,8.8,8.9,8.6,8.5,8.6,8.3,8.2,8.3,8,7.9,8,7.7,7.7,7.8,7.5,7.4,7.5,7.3,7.2,7.3,7,7,7,6.8,6.8,6.8,6.7,6.6,6.7,6.5,6.5,6.5,6.3,6.3,6.3,6.2,6.2,6.2,6.1,6,6.1,5.9,5.9,5.9,5.8,5.8,5.8,5.7,5.7,5.7,5.6,5.6,5.6,5.5,5.5,5.4,5.3,5.4,5.3,5.2,5.2,5.2,5.1,5.1,5.1,5,5,5,4.9,4.9,4.9,4.8,4.9,4.8,4.7,4.8,4.7,4.7,4.7,4.6,4.6,4.6,4.5,4.5,4.6,4.5,4.5,4.5,4.4
192,Vanuatu,15.9,15.7,16,15.5,15.3,15.6,15.1,15,15.2,14.7,14.6,14.8,14.3,14.2,14.4,14,13.9,14.1,13.6,13.5,13.7,13.3,13.2,13.3,12.9,12.9,13,12.6,12.5,12.6,12.3,12.2,12.3,12,11.9,12,11.7,11.6,11.7,11.4,11.3,11.4,11.1,11.1,11.1,10.8,10.8,10.8,10.5,10.5,10.5,10.2,10.2,10.3,10,9.9,10,9.7,9.6,9.7,9.4,9.4,9.5,9.2,9.1,9.3,9,8.9,9,8.7,8.6,8.8,8.5,8.4,8.6,8.3,8.2,8.4,8.1,8,8.3,8,7.9,8.1,7.8,7.7,8,7.7,7.6,7.8,7.5,7.4,7.7,7.4,7.3,7.6,7.3,7.2,7.4,7.2,7,7.3,7,6.9,7.2
193,Venezuela (Bolivarian Republic of),9.5,9.9,9,9.4,9.9,8.9,9.3,9.8,8.9,9.3,9.8,8.8,9.3,9.7,8.8,9.2,9.7,8.8,9.2,9.7,8.7,9.1,9.6,8.7,9.1,9.5,8.6,9,9.5,8.6,9,9.4,8.6,9,9.4,8.5,8.9,9.3,8.5,8.9,9.3,8.5,8.8,9.2,8.5,8.8,9.1,8.4,8.7,9,8.3,8.6,8.9,8.3,8.5,8.8,8.2,8.4,8.7,8.1,8.3,8.6,8,8.2,8.4,7.9,8.1,8.3,7.8,8,8.2,7.7,7.8,8.1,7.6,7.7,8,7.5,7.6,7.8,7.4,7.5,7.7,7.3,7.4,7.6,7.2,7.3,7.5,7.1,7.2,7.4,7.1,7.2,7.3,7,7.1,7.2,7,7,7.1,6.9,6.9,7,6.9
194,Viet Nam,5.3,5.5,5.1,5.3,5.4,5.1,5.2,5.3,5.1,5.2,5.3,5.1,5.1,5.2,5.1,5.1,5.1,5.1,5,5,5.1,5,4.9,5.1,4.9,4.8,5,4.9,4.7,5,4.8,4.6,5,4.7,4.5,4.9,4.6,4.3,4.9,4.6,4.2,4.8,4.5,4.1,4.8,4.4,4,4.7,4.3,3.9,4.6,4.2,3.8,4.5,4.1,3.7,4.5,4,3.6,4.4,4,3.5,4.3,3.9,3.4,4.2,3.8,3.3,4.1,3.7,3.2,4.1,3.6,3.2,4,3.5,3.1,3.9,3.4,3,3.8,3.4,2.9,3.7,3.3,2.9,3.6,3.2,2.8,3.6,3.2,2.7,3.5,3.1,2.7,3.4,3,2.6,3.4,3,2.6,3.3,3,2.6,3.3
195,Yemen,11.3,12.6,10.1,11,12.2,9.8,10.6,11.8,9.5,10.3,11.4,9.2,9.9,11,8.9,9.6,10.6,8.6,9.2,10.3,8.3,8.9,9.9,8,8.6,9.5,7.7,8.3,9.1,7.5,8,8.8,7.2,7.7,8.4,6.9,7.4,8.1,6.7,7.1,7.7,6.4,6.8,7.4,6.2,6.5,7.1,5.9,6.3,6.8,5.7,6,6.5,5.5,5.8,6.2,5.2,5.5,6,5,5.3,5.8,4.9,5.1,5.5,4.7,4.9,5.3,4.5,4.7,5.1,4.3,4.5,4.9,4.2,4.3,4.7,4,4.2,4.5,3.9,4,4.3,3.8,3.9,4.1,3.7,3.7,4,3.5,3.6,3.8,3.4,3.5,3.7,3.3,3.4,3.5,3.2,3.3,3.4,3.2,3.2,3.3,3.1
196,Zambia,6.6,6.5,6.7,6.4,6.3,6.6,6.3,6.2,6.4,6.2,6,6.3,6.1,5.9,6.2,6,5.8,6.1,5.9,5.7,6,5.8,5.6,5.9,5.7,5.5,5.8,5.6,5.4,5.8,5.5,5.3,5.7,5.4,5.2,5.6,5.3,5.1,5.5,5.2,5,5.4,5.1,4.9,5.4,5.1,4.8,5.3,5,4.7,5.2,4.9,4.6,5.2,4.8,4.6,5.1,4.8,4.5,5,4.7,4.4,5,4.6,4.3,4.9,4.6,4.2,4.8,4.5,4.2,4.8,4.4,4.1,4.7,4.3,4,4.6,4.3,3.9,4.6,4.2,3.8,4.5,4.1,3.7,4.4,4,3.6,4.4,3.9,3.6,4.3,3.9,3.5,4.2,3.8,3.4,4.1,3.7,3.3,4.1,3.6,3.2,4
197,Zimbabwe,7.1,6.5,7.6,7,6.4,7.5,6.9,6.3,7.4,6.8,6.2,7.3,6.7,6.1,7.2,6.6,6,7.2,6.6,6,7.1,6.5,5.9,7.1,6.5,5.8,7.1,6.4,5.7,7,6.4,5.6,7,6.3,5.6,6.9,6.2,5.5,6.9,6.1,5.3,6.8,6,5.2,6.7,5.9,5.1,6.6,5.8,4.9,6.5,5.6,4.8,6.4,5.5,4.6,6.3,5.4,4.5,6.2,5.3,4.4,6.1,5.1,4.2,6,5,4.1,5.9,4.9,4,5.8,4.8,3.9,5.7,4.7,3.7,5.6,4.6,3.6,5.6,4.6,3.5,5.5,4.5,3.4,5.4,4.4,3.4,5.4,4.3,3.3,5.3,4.3,3.2,5.3,4.2,3.1,5.2,4.1,3,5.2,4.1,2.9,5.1
